,total_cases_per_million,total_deaths_per_million,total_tests_per_thousand,tests_per_case,positive_rate,stringency_index,population,population_density,median_age,aged_65_older,aged_70_older,gdp_per_capita,extreme_poverty,cardiovasc_death_rate,diabetes_prevalence,female_smokers,male_smokers,handwashing_facilities,hospital_beds_per_thousand,life_expectancy,human_development_index,tests_units_people tested,tests_units_people tested (incl. non-PCR),tests_units_samples tested,tests_units_tests performed,tests_units_units unclear
0,0.8503453352590667,0.20429231648197488,0.23386810469629898,0.20966706634802476,0.3667910620849863,0.3143660714270178,1.3593296591837751e-05,0.03021926037155554,0.7885196374622357,0.46095348388342017,0.3854844993599377,0.3037001536710243,0.38597904856948917,0.13826069757860984,0.47518998658918193,0.5435661602787247,0.32996898260949353,0.6207934850660588,0.2835473895319343,0.6874813265610995,0.7884935629188236,0.0,0.0,0.0,0.0,0.0
1,0.02303832710463661,0.030197976996558292,0.006754745218730153,0.20892134999787393,0.2476861749863624,0.1519970774974686,0.004994039922461517,0.002805808729592761,0.10574018126888218,0.05547191661841344,0.04513830912227973,0.009828022274214195,0.6487561276737028,0.8025136152869482,0.3844434510505141,0.27670391760162893,0.5282814633063742,0.19600652234749286,0.029197080291970802,0.34508515088138614,0.24040066777963276,0.0,0.0,0.0,0.0,0.0
2,0.003393532358369701,0.004407390257679598,0.023005484377894778,0.21252977850273952,0.2973437602522636,0.4974788982207281,0.004216332397235514,0.001227712531159931,0.051359516616314216,0.0486778614167149,0.046529748984248887,0.044362789870440913,0.6860543779971165,0.304900263081605,0.13187304425569957,0.23419449386803032,0.35114116932311074,0.13659013521868615,0.05901676558764896,0.23513594263519555,0.37896494156928207,0.0,0.0,0.0,0.0,0.0
3,0.0045091304323919106,0.04148716147946709,0.10065584002349841,0.22569740472583283,0.2337205695176459,0.2798571587283473,1.8208297566744362e-06,0.018482324093037957,0.5229444045978827,0.3154701932578155,0.2941035506066889,0.1924840959873306,0.512573540429085,0.28297521973871287,0.2933030149939669,0.3832684896330939,0.36531627019043006,0.44328748393888107,0.24504720277588693,0.854496564087242,0.7333104291240761,0.0,0.0,0.0,0.0,0.0
4,0.10859051527420624,0.10860410823076493,0.05945095299407999,0.21448740978689834,0.2780363468979442,0.2625811073704428,0.00036909115919710715,0.00541334754508922,0.6918429003021148,0.4649295502798687,0.45177269438414863,0.09582672396562751,0.46183691420193984,0.34854049394850306,0.40634778721502013,0.3406137368012503,0.6178977272727274,0.48334922097839955,0.20364963503649636,0.7556020316701519,0.7195325542570953,0.0,0.0,0.0,0.0,0.0
5,0.6077997701583415,0.5542507396156826,0.21996122277307315,0.21809998472987843,0.42732703193853144,0.31093363865093354,9.80859295964917e-06,0.008456863087749995,0.5342139031674219,0.33740697751747584,0.31184984692635925,0.31892187457032073,0.4284291697369599,0.04614392439620679,0.31202503352704514,0.7319568035777441,0.42755681818181823,0.5799549491466371,0.21671743598961574,0.909769943232746,0.8414023372287146,0.0,0.0,0.0,0.0,0.0
6,0.2181162285806453,0.034166567674127866,0.7348837663628763,0.211670324737101,0.15388028284199853,0.33167747151509475,0.0012687424486817226,0.005804667023614537,0.5709969788519637,0.0,0.0,0.5730605010425341,0.4584781792508976,0.36969399129055713,0.727313366115333,0.23518341287516295,0.421875,0.6005590470899508,0.0802919708029197,0.7376755303256646,0.8497495826377296,0.0,0.0,0.0,1.0,0.0
7,0.38062186465002307,0.30276605355940794,0.11510662470116347,0.21023950738181213,0.4294699146320802,0.5941839607817095,0.005798093608564005,0.0008290535511221865,0.5075528700906343,0.38811040339702757,0.38487226582067124,0.15715130145631417,0.45831950841241004,0.1731067658635728,0.2016092981671882,0.5032266092974189,0.2840909090909091,0.4439666978916271,0.35766423357664234,0.6988347774126082,0.7863105175292152,0.0,0.0,0.0,0.0,0.0
8,0.3892885126825308,0.2614607096593282,0.07090726797482381,0.20395930421375758,0.4428709430617737,0.434704474794722,0.0003800515459674675,0.005313075482172945,0.622356495468278,0.3894228913337194,0.3921077531029109,0.06988935479842676,0.46676128230728153,0.40561385449432374,0.2735806884219938,0.24054427680360807,0.6306818181818182,0.49784412803152384,0.29927007299270075,0.6516283238721243,0.6694490818030051,0.0,0.0,0.0,0.0,0.0
9,0.023557143328451796,0.024688335123280055,0.09533908234836812,0.22400806410646168,0.24147192368527043,0.2888694332926689,1.2459463477662549e-05,0.01197620574958975,0.513595166163142,0.2234703725149585,0.22847442533533702,0.17914270179599354,0.5230068382092923,0.17384934741189403,0.5444792132320071,0.3309134300137544,0.32551586987954906,0.4105986726378761,0.2700729927007299,0.7092919031968927,0.7111853088480803,0.0,0.0,0.0,0.0,0.0
10,0.024242842191890296,0.027882763742386667,0.22799593521243636,0.7720532018530925,0.13173055202634404,0.44569393416415315,0.0032712935295697828,0.00015841952208163975,0.688821752265861,0.5543331403204015,0.5344798797795959,0.3783075649696115,0.45761602725450407,0.04406035529193997,0.18238712561466253,0.4460440607273376,0.125,0.5875114908346913,0.272992700729927,0.90110546758291,0.9766277128547581,0.0,0.0,0.0,1.0,0.0
11,0.11631593972063425,0.07162292004554466,0.14015333088857368,0.1950479598910637,0.22032947528896202,0.24183727450628167,0.001155333479126294,0.005510415036922602,0.8851963746223565,0.6970855047288168,0.7359047141982523,0.3850844330598766,0.459022989570316,0.10202822429993474,0.2396066160035762,0.7212350757208538,0.3295454545454546,0.5783529126945472,0.5306569343065694,0.8443382133253663,0.9248747913188647,0.0,0.0,0.0,1.0,0.0
12,0.09083050460691394,0.04703559771694921,0.07593055249374636,0.21769037668765856,0.3357528154350094,0.4525587997163216,0.0013006579649726185,0.006159599114359926,0.5226586102719033,0.18814900598340084,0.1861746535314744,0.13060642948281978,0.43505233035253593,0.7448170443394049,0.2735806884219938,0.2191008210898276,0.4943181818181819,0.43992896707092377,0.3357664233576642,0.5891843441888258,0.6727879799666111,0.0,0.0,0.0,0.0,0.0
13,0.0009063761815125929,0.0,0.00028195534216511,0.20960612064453601,0.17534561163801465,0.02074383286416115,0.001525372706519119,0.021859568148899666,0.07250755287009059,0.05473846747732096,0.05443312740023376,0.0003524852770636624,0.9584946116835483,0.33129058812768686,0.22619579794367456,0.2988246470329303,0.35894202518498525,0.026571703177257364,0.051094890510948905,0.2479832685987451,0.10517529215358945,0.0,0.0,0.0,0.0,0.0
14,0.2481814970133415,0.6986602471015388,0.21827127091565807,0.1936472556520857,0.2513390984308783,0.2763854565786076,0.0014867360410031,0.019404556579622763,0.8066465256797583,0.6727272727272726,0.6858685367618411,0.36119171930939886,0.4555055837807862,0.05507815709552946,0.1475189986589182,0.6622655725079575,0.3366477272727273,0.5357529960331054,0.40437956204379555,0.8470271885270391,0.9382303839732887,0.0,0.0,0.0,1.0,0.0
15,0.004381929386923952,0.00266512157495917,0.006512782793266881,0.21042054314226297,0.24594703636819315,0.2901898057867724,0.001555189643710481,0.00511558086753218,0.11178247734138969,0.0810654313839027,0.07881115378193354,0.012066254331565444,0.803025275786331,0.24258387373323184,0.0,0.2244616850182727,0.0653409090909091,0.052794907422609616,0.029197080291970802,0.2536599940244997,0.26878130217028384,0.0,0.0,0.0,0.0,0.0
16,0.09254609205030123,0.030750719009072565,0.10821652550588291,0.2230269450220282,0.2501142918259452,0.30941643180017847,3.260123002649952e-06,0.01869588028977843,0.5050005902664015,0.3062131079538788,0.2858900679443801,0.191959337499003,0.5111344447671442,0.27449810047134193,0.3126457861213817,0.37841932305184267,0.36470361292630904,0.4279718578422212,0.23089571610439094,0.7322975799223186,0.6780871083927072,0.0,0.0,0.0,0.0,0.0
17,0.0021810442949231385,0.002174603443970627,0.00460723501980289,0.20998049234492483,0.2277867090508219,0.2072890924339557,0.0026815921611473927,0.003618787738670123,0.07552870090634445,0.04883227176220807,0.04630711860633384,0.008960376131074813,0.7615198874698792,0.294052991487442,0.06392489941886455,0.2423312314464231,0.23011363636363635,0.05730930897128812,0.021897810218978103,0.2479832685987451,0.11519198664440733,0.0,0.0,0.0,0.0,0.0
18,0.05049315607055076,0.025697654967768838,0.015287288218854972,0.1915017674066411,0.3864524564063707,0.5354595130691383,0.021128010718204738,0.06537836706738794,0.37462235649546827,0.15263462651997683,0.1522791784939055,0.024620595632605508,0.5582138328350565,0.3389411934324166,0.3303531515422441,0.23160950358953286,0.5255681818181819,0.18025437062538185,0.051094890510948905,0.5769345682700928,0.42404006677796324,0.0,0.0,0.0,1.0,0.0
19,0.06861946542569278,0.095879728509932,0.0625428030185353,0.19269394972059536,0.2889936408174909,0.20042422688178724,0.000891317013129187,0.003361853499104762,0.8942598187311178,0.7588110403397026,0.7094116992263595,0.15396401235835658,0.4646508388335637,0.5353377350797696,0.21546714349575324,0.7516133046487095,0.5213068181818182,0.48933864578123104,0.5367883211678831,0.6504332237824917,0.7662771285475792,0.0,0.0,0.0,1.0,0.0
20,0.954071189513062,0.1196096542372443,0.6285676826228486,0.19261300450075491,0.2934235869806218,0.4145781848679114,0.00021819346921568428,0.10005342846981266,0.5226586102719033,0.04740397606639643,0.04792118884621806,0.36662824891059387,0.41495362096689536,0.11211431105020253,0.6942333482342422,0.3173833264446548,0.42471590909090917,0.5249797242417366,0.1386861313868613,0.7173588288019124,0.8213689482470784,0.0,0.0,0.0,0.0,1.0
21,0.24013589342238634,0.19720687501161643,0.1423567469809852,0.2219304477650066,0.3255903066944167,0.34932476522231554,5.0346269913306483e-05,0.002034385771332248,0.580060422960725,0.3031075082030496,0.26014359659375524,0.23269624532872082,0.48715897678499287,0.24274820284413387,0.5444792132320071,0.26913555108864873,0.1803977272727273,0.46741859626631665,0.2043795620437956,0.6166716462503734,0.7562604340567615,0.0,0.0,0.0,0.0,0.0
22,0.1917233862971116,0.20905042316279948,0.06641429964473815,0.21192366915580524,0.3364124460271877,0.24183727450628167,0.00042079423144301346,0.0035332463654090744,0.8277945619335346,0.5954448948079522,0.566872599766238,0.09505668317589537,0.4555055837807862,0.3879794805649821,0.40634778721502013,0.7534002592915244,0.5681818181818182,0.5145774382849985,0.2481751824817518,0.7206453540484019,0.6911519198664441,0.0,0.0,0.0,0.0,0.0
23,0.1905765378221495,0.07116957462300004,0.09067378880704513,0.2156615855896154,0.2099285266338431,0.02074383286416115,0.0012121561196290769,0.00241485105748003,0.7613293051359514,0.5271183169272341,0.5155006400623365,0.14196360229374733,0.5070147281939292,0.5639263495528234,0.18730442556995974,0.40137019465696167,0.5454545454545455,0.4900054866705678,0.7956204379562043,0.6426650731998809,0.7579298831385642,0.0,0.0,0.0,0.0,0.0
24,0.1147062691420161,0.05480550188409064,0.04216102776962102,0.21153657319793717,0.3701371761664939,0.4559912324924058,5.0907285098675136e-05,0.0008419235220841206,0.2990936555891238,0.10457440648523451,0.09756776312127788,0.06160534446287212,0.4621264585993191,0.1512866504301237,0.7206079570853822,0.20439761959169395,0.31175423672215197,0.47661250079545864,0.0875912408759124,0.6375858978189424,0.5909849749582637,0.0,0.0,0.0,0.0,0.0
25,0.06651927352440373,0.11672311261633643,0.23030273668299994,0.2436076662338551,0.19044023427924012,0.17274091036162975,7.885258942030405e-06,0.06764141449147358,0.6239745293153277,0.3186520090677547,0.280085860322987,0.4300868652383896,0.42260061838855906,0.09329087647876821,0.5368797496647295,0.3831504623590922,0.32395510337883426,0.5489962940388033,0.27893399803444363,0.8757095906782193,0.8677788050897507,0.0,0.0,0.0,0.0,0.0
26,0.26550475812556246,0.5513342982075481,0.02545097433846876,0.1902178618408568,0.9136160498189476,0.5458314295012189,0.0014974371522898952,0.0005202259346661351,0.31117824773413894,0.21463038023547576,0.21522791784939055,0.05353363372630046,0.5040457836762975,0.19367425939505187,0.2637460885113992,0.4256457014454826,0.2714207603473303,0.12972202549914083,0.072992700729927,0.5446668658500151,0.5659432387312185,0.0,0.0,0.0,1.0,0.0
27,0.5184772577727355,0.5472048951608406,0.10420477728499673,0.198018950319423,0.4905551697046825,0.43875445050815676,0.027269289362154496,0.0012871521560845268,0.5558912386706948,0.28596795985331014,0.2523515333667279,0.1156077057745147,0.4780169808337769,0.1528431261597992,0.3182834152883326,0.3942223760857015,0.14488636363636365,0.43133686134537275,0.15328467153284672,0.6752315506423661,0.6761268781302171,0.0,0.0,0.0,0.0,0.0
28,0.015075454597108103,0.01961668472775436,0.07460877741884377,0.22110745912067245,0.2533175249476345,0.17274091036162975,3.676323657663212e-05,0.034336772406658216,0.7462235649546826,0.533024512642347,0.49796849780152497,0.1403304047427137,0.4157063800641332,0.1405789035527644,0.5623603039785426,0.24769209537486822,0.0965909090909091,0.46795900424015324,0.4160583941605839,0.7741260830594561,0.7445742904841403,0.0,0.0,0.0,0.0,0.0
29,0.007573548414294171,0.005473277267191772,0.3190456459452711,0.2602170789545348,0.12856585591390035,0.20042422688178724,5.6021208565211906e-05,0.004197471252283838,0.5226586102719033,0.13306311522872033,0.10330049535259084,0.6118976789035863,0.41550637645729344,0.189001731656763,0.5274921770227983,0.24947905001768328,0.3295454545454546,0.6330378646049702,0.18978102189781024,0.6746340005975502,0.8330550918196994,0.0,0.0,0.0,0.0,0.0
30,0.008300784650829465,0.044284046888754536,0.03665597450193767,0.21533102462578438,0.3410050323101831,0.4698701998043985,9.888684837130454e-05,0.001088055255902316,0.40785498489425986,0.14441227562246667,0.136416764067457,0.06921007348481643,0.4646508388335637,0.21346661561095545,0.3915958873491283,0.24061970199042265,0.3320965829799131,0.4215175004222753,0.1167883211678832,0.5527337914550343,0.43071786310517524,0.0,0.0,0.0,0.0,0.0
31,0.03083099489912811,0.00543044784224549,0.07041372002526312,0.21965805052553794,0.27813230420800683,0.4145781848679114,0.0003015878056271663,0.0002019396648525176,0.32326283987915405,0.10797143408608377,0.09550843212556354,0.1302620285332037,0.5713579913279196,0.2449464922711059,0.17076441662941438,0.31559637180183975,0.37926136363636365,0.3044755551938263,0.12408759124087591,0.48730206154765465,0.606010016694491,0.0,0.0,0.0,0.0,0.0
32,0.022834810014058102,0.010305729364904275,0.0019028752535968727,0.20906183920574822,0.27228812860347373,0.3592861699314243,0.0006195099667189319,0.0003794832401707664,0.09667673716012082,0.09693109438332366,0.09600935047587242,0.0,0.7262331892254043,0.5524512167330443,0.22843093428699152,0.28565454938862933,0.43394213197717146,0.08264786208180432,0.0656934306569343,0.0,0.0217028380634392,0.0,0.0,0.0,0.0,0.0
33,0.09629941641480005,0.1989911650169257,0.14985152150759304,0.20003400946536531,0.17824498673921846,0.39040191922766604,0.004841863559177426,0.00020157785843993314,0.794561933534743,0.6114649681528662,0.5716591528914121,0.37287972172024847,0.45761602725450407,0.040662153300457166,0.2852033974072419,0.42817451429918724,0.12642045454545459,0.5622098122150933,0.17518248175182483,0.8709291903196896,0.9549248747913187,1.0,0.0,0.0,0.0,0.0
34,0.14066016242877016,0.16632201101120273,0.12520305675415877,0.19624982043782493,0.20482466371800387,0.25914867459435864,0.0011102031237777104,0.011066417681830852,0.8459214501510574,0.6675159235668789,0.674458729893694,0.48806053200378824,0.4013327678886527,0.03157754396191284,0.2056325435851587,0.6175917064375814,0.30113636363636365,0.6467138758690287,0.32335766423357665,0.9112638183447865,0.9849749582637731,0.0,0.0,0.0,1.0,0.0
35,0.5548241088137128,0.5385339568651123,0.13531306013831695,0.19367277099312236,0.2513390984308783,0.5631428295892957,0.002452327846877652,0.0012479736902646626,0.6132930513595166,0.3838255163095927,0.3568764957978516,0.19011755472143646,0.46324387651775173,0.07537900339045062,0.33392936969155124,0.8248784450041261,0.48011363636363646,0.48966958147664513,0.14671532846715327,0.803704810277861,0.8163606010016694,0.0,0.0,0.0,1.0,0.0
36,0.001368579692188133,0.002593200465143717,0.052534317463308194,0.18012098615812208,0.16647521085920552,0.3420493879471753,0.18465173565397575,0.007625690384782671,0.7129909365558912,0.36660876278710663,0.30071798296877605,0.12597336162503928,0.459022989570316,0.28297007814934416,0.3911488600804649,0.24769209537486822,0.578125,0.4621197493688281,0.3094890510948905,0.7060053779504032,0.6644407345575961,0.0,0.0,0.0,0.0,0.0
37,0.017058869890192875,0.0036081770261348375,0.011089739534189931,0.19507281535259077,0.22032947528896202,0.1796803940176261,0.003383983301519637,0.00394172580521697,0.10876132930513593,0.06906002702181045,0.05877441976957755,0.025283011663104402,0.6524803079944552,0.34783511899132935,0.06392489941886455,0.2793517897777507,0.3657231772549245,0.09738132461834653,0.12988584441164006,0.13444876008365703,0.23038397328881477,0.0,0.0,1.0,0.0,0.0
38,0.01791216162963968,0.012656499122804888,0.013380682828027238,0.21053198070556942,0.2503598755741545,0.33167747151509475,0.0034054834098893485,0.002622993117976853,0.11178247734138969,0.07801582706041303,0.07753102910892191,0.023252641424988278,0.6215271370465929,0.2562464440575648,0.27760393383996423,0.28559351883751144,0.3288647245500709,0.008294274579341633,0.0875912408759124,0.17956378846728405,0.3372287145242071,0.0,0.0,0.0,0.0,0.0
39,0.002654267924991706,0.0023863262616296028,0.0,0.19208576077260947,0.3266481832041036,0.23489779085028534,0.011489790488372276,0.001847383542656433,0.05740181268882172,0.07241845203628641,0.06784660766961652,0.0012633309699576073,0.9964825942104701,0.3714132458565036,0.22843093428699152,0.3110209762769675,0.36969354011237454,0.017607238344252048,0.06414655167292185,0.2210935165820136,0.1719532554257096,0.0,0.0,1.0,0.0,0.0
40,0.021056859233897798,0.012966002325718585,0.02062538207589507,0.21209676758210558,0.28548840106229867,0.3592861699314243,0.0007078160404702319,0.0007891514724771535,0.1178247734138973,0.08716464003088205,0.08554572271386432,0.03629489768853597,0.7143866498901799,0.41039490145679314,0.27760393383996423,0.24411818608923813,0.6335227272727273,0.25079055444297627,0.11750607472889282,0.33731700029877487,0.42070116861435725,0.0,0.0,0.0,0.0,0.0
41,0.3735041276189394,0.41282232172655914,0.055241950996574134,0.2062590914069984,0.4788186615223819,0.4698701998043985,0.006527696487095075,0.0022786567864571516,0.5166163141993958,0.25099401659911214,0.21071965269661047,0.10831028439975932,0.4857552735707425,0.06956082269974126,0.2883325882878856,0.29772682537368933,0.08238636363636363,0.34419899123760456,0.11751824817518246,0.7173588288019124,0.6560934891485809,0.0,0.0,1.0,0.0,0.0
42,0.01254758583779484,0.006437343379661842,0.004607638502530389,0.2100739476837032,0.2641211742459909,0.3229698655806239,0.00011145715500473167,0.02259817009687573,0.16012084592145015,0.07021810461300906,0.06678911337451995,0.0064730521845056815,0.5814287110459532,0.2823763229656133,0.48681269557443013,0.29236596144524424,0.22585227272727276,0.07713085591364496,0.15328467153284672,0.32984762473857154,0.24874791318864775,0.0,0.0,0.0,0.0,0.0
43,0.24816128964264578,0.08713929341146066,0.046921363551965405,0.20642574464129282,0.3598603467804982,0.4525587997163216,7.122429672942695e-05,0.007000592277097401,0.3202416918429003,0.12800617641381973,0.16201925752768964,0.04782923767544281,0.5730759208316042,0.1594441955392398,0.06392489941886455,0.2512660046604983,0.125,0.29012802079438493,0.14598540145985403,0.5885867941440095,0.5008347245409016,0.0,0.0,0.0,0.0,0.0
44,0.3406592689055762,0.14333796375984167,0.036392692432219834,0.21014351639604711,0.39666043778078136,0.4076387012119151,0.0006534236104994495,0.0049589186908830934,0.5589123867069486,0.3213279289712411,0.28763844826626594,0.12783347076689996,0.46324387651775173,0.09085074420933667,0.3482342422887796,0.328105054301545,0.13778409090909088,0.44314588028850943,0.07518248175182479,0.8066925605019422,0.7345575959933223,0.0,1.0,0.0,0.0,0.0
45,0.011248884241550018,0.008636189894356777,0.047346176604974866,0.22428788083956547,0.14502039051573673,0.5250875966370577,0.0014529955896534646,0.005699536417443555,0.8459214501510574,0.5247635591584635,0.5116602660433016,0.15669951001825264,0.3924595636211979,0.1730075482871791,0.32543585158694677,0.5193092010827542,0.6477272727272727,0.45042146568228225,0.3722627737226277,0.7624738571855394,0.7061769616026711,0.0,0.0,0.0,1.0,0.0
46,0.05465672213536465,0.004856695168436814,0.13284218747298884,0.22860004952169502,0.20906420811640264,0.28513396504273614,2.094871498605829e-05,0.01873676531525252,0.8036253776435046,0.5876471723605482,0.5310847665163911,0.2457531329485139,0.4658332909436852,0.27816102401227516,0.47518998658918193,0.5082116953590464,0.373357773184221,0.5123688092426882,0.3263730080333841,0.7648640573648042,0.8050255661945406,0.0,0.0,0.0,0.0,0.0
47,0.07348492832569334,0.012228204873342075,0.22695652513508183,0.24271503545543177,0.1793099961143519,0.25282010877722755,8.327476948882852e-06,0.013250332874821235,0.6327270464002953,0.31295308622108386,0.281677077075283,0.42349653870380366,0.4302343897409286,0.16012114951974046,0.546714349575324,0.39574722702996845,0.3383509497704569,0.6078108038734129,0.260755780025129,0.9154466686585003,0.9041578097129387,0.0,0.0,0.0,0.0,0.0
48,0.045833043129219035,0.020229226314721925,0.32972692504060597,0.232981353458461,0.14280541743417127,0.33854233706726317,0.00011226589951160658,0.006591079104682122,0.6706948640483382,0.4737309399729781,0.44732008682584734,0.2730945326209493,0.5000345090281559,0.0958085224797573,0.3687974966472955,0.5639830671531303,0.6392045454545455,0.4904480690895565,0.2408759124087591,0.8276068120705111,0.8597662771285478,0.0,0.0,0.0,1.0,0.0
49,0.14737324800721419,0.049358891994695606,0.10350125941128036,0.19162956407166093,0.37094764483541254,0.22803292529811686,0.0013737588979086707,0.007083084139166667,0.8519637462235649,0.6903300521134916,0.6152390493682863,0.27473525547678784,0.4568601424301371,0.22961892699291683,0.2606168976307555,0.7587611232199696,0.43465909090909094,0.5382275564941317,0.47664233576642334,0.7798028084852104,0.8914858096828048,0.0,0.0,0.0,1.0,0.0
50,0.07969942796186902,0.09156042140921737,0.20580336376501107,0.20781816812007506,0.15831022900512942,0.28675737301068815,0.010748596289459676,0.012243477315228953,0.9516616314199396,0.783979926655086,0.8588523404018479,0.38330036819811353,0.4176821182917809,0.11901303315882411,0.32722396066160037,0.7176611664352237,0.3607954545454546,0.6007534411076079,0.5766423357664233,0.8380639378547952,0.9716193656093489,0.0,0.0,0.0,1.0,0.0
51,0.1255195951927536,0.049825167054959846,0.020225057337109068,0.20756208555383387,0.2898294699555243,0.22109344164212053,0.00012664767068137155,0.002126801466432402,0.31117824773413894,0.11847133757961782,0.10318918016363332,0.017580539682179288,0.6123818819938155,0.2769829175238394,0.22619579794367456,0.24411818608923813,0.23863636363636365,0.24341233967115278,0.09489051094890509,0.413205855990439,0.20367278797996669,0.0,0.0,0.0,0.0,0.0
52,0.0097931974933696,0.04476106453150661,0.04115416542453612,0.21600201099835836,0.228344645703059,0.12438837908113899,9.131987863002869e-06,0.0050875150272416975,0.48396332418578947,0.3093906807852497,0.28526511818885336,0.07750743156100795,0.5683535963172655,0.22944994705812136,0.47518998658918193,0.36845810479975216,0.3368179826128383,0.3489056336783978,0.2700729927007299,0.6489393486704511,0.6026711185308847,0.0,0.0,0.0,0.0,0.0
53,0.11067265342480569,0.0906173659580417,0.5055812710740135,0.2093790031200417,0.156095255923564,0.31787312230692993,0.0007429819296713723,0.007049177709644462,0.8217522658610271,0.7154217332561281,0.6567039572549674,0.3957989964425519,0.4555055837807862,0.054875071118848734,0.24228877961555656,0.5586222032246851,0.15767045454545459,0.5343711140252693,0.17518248175182483,0.8252166118912458,0.9599332220367279,0.0,0.0,0.0,1.0,0.0
54,0.23691380296301456,0.1567419575633128,0.08336475595673096,0.19161152736506604,0.373162617916978,0.5044183818767245,0.0013915812970812717,0.011512473301917165,0.377643504531722,0.22532329666087625,0.21667501530583846,0.11988559644619848,0.46535431999146964,0.29034008374583564,0.32230666070630304,0.36563110180066083,0.16193181818181823,0.28949002045053146,0.1094890510948905,0.6214520466089035,0.6377295492487479,0.0,0.0,1.0,0.0,0.0
55,0.02685046362398345,0.03188691092368523,0.06121227980519983,0.21727441873637313,0.33697312238979854,0.5044183818767245,0.005625576756452975,0.0008895785952845356,0.42296072507552873,0.19559930515344526,0.18539544720877163,0.11397696792310877,0.45761602725450407,0.30849534995124395,0.256593652212785,0.22624863966108774,0.3224431818181818,0.44260972808557847,0.1313868613138686,0.7051090528831789,0.6677796327212021,0.0,0.0,0.0,0.0,0.0
56,0.17789350303248028,0.5200235642647439,0.021739511792655087,0.2111253298349112,0.4770136908241062,0.30056172221885297,0.002263336545869043,0.003452770281924208,0.392749244712991,0.2300714147847906,0.21884566149051038,0.0853214414596649,0.47942394314958886,0.09468767392143515,0.2038444345105051,0.24947905001768328,0.0653409090909091,0.4259568406625435,0.1021897810218978,0.7089931281744848,0.6644407345575961,1.0,0.0,0.0,0.0,0.0
57,0.023031774601213726,0.046759226710692076,0.04533773677399289,0.2133750420304244,0.33215350263378607,0.4076387012119151,0.0131284473376059,0.005058157021191984,0.3081570996978852,0.1549893842887473,0.13163021094228308,0.08504855240656668,0.46324387651775173,0.6915186025204366,0.7295485024586499,0.21731386644701256,0.6022727272727274,0.4752399511559555,0.1094890510948905,0.559008066925605,0.5709515859766278,0.0,0.0,0.0,0.0,0.0
58,0.0023501721979570854,0.04019206003744513,0.0039028792197385916,0.21031791563636676,0.3607574630171345,0.5803796115735448,0.00045486977807373353,0.0022828434035170576,0.12688821752265866,0.09507817023740588,0.09155674291757109,0.007303579224172895,0.6172876711622349,0.3592606430229116,0.22619579794367456,0.21731386644701256,0.05255681818181819,0.17642061331258618,0.0437956204379562,0.38960262922019684,0.1435726210350584,0.0,0.0,0.0,0.0,0.0
59,0.029307835694372918,0.001284882748388442,0.0712100215072278,0.2199161959078834,0.2539978542493002,0.3013386654700434,7.652809041648639e-05,0.018541230327961903,0.40181268882175225,0.08271857636536904,0.04753158568486669,0.13166420069168155,0.5602364012611855,0.2806036234278264,0.30227045820589743,0.26072357323456846,0.36283762896490446,0.3175354736575732,0.16498422155721656,0.5073199880489994,0.5256757374576838,0.0,0.0,0.0,0.0,0.0
60,0.3814617764524106,0.5525480679484785,0.16571734366450408,0.1919075933050259,0.34215299477506167,0.34891425349934374,0.00599809956330465,0.004805202652165053,0.918429003021148,0.7061185099401659,0.7387432515166695,0.28906734038355486,0.46113343304403387,0.03105665168584615,0.2762628520339741,0.7033655292927034,0.3366477272727273,0.5690785314019565,0.20948905109489052,0.9046907678518075,0.8964941569282135,0.0,0.0,0.0,1.0,0.0
61,0.05814861077763095,0.03891982574080763,0.1272054963246463,0.20117912037430366,0.17381504057608757,0.10364454621697784,0.00017007881584696683,0.001596910131887224,0.8338368580060423,0.7067361513221386,0.7216007124172094,0.24786214260822423,0.45761602725450407,0.27315683973415894,0.1354492624050067,0.6515438446510672,0.44886363636363635,0.5279544953763817,0.335036496350365,0.7606812070510904,0.8631051752921536,0.0,0.0,0.0,1.0,0.0
62,0.014947520404404016,0.008353354069239824,0.014706338068034126,0.19186272149837522,0.34658294093819264,0.5182227310848893,0.014748653548160233,0.005417792595300973,0.14199395770392753,0.09195136074116965,0.08554572271386432,0.009191080475523581,0.6419280906258659,0.16008755951116746,0.28967367009387573,0.22088777573264262,0.011363636363636367,0.03630822718248322,0.0145985401459854,0.3979683298476244,0.18196994991652748,0.0,0.0,0.0,1.0,0.0
63,0.041244457865111904,0.050103962368289415,0.1546219311637637,0.21688755209958824,0.14945033667886765,0.1796803940176261,0.0007107187456118169,0.0009303076600154759,0.836858006042296,0.7752943447210963,0.7089664384705293,0.3433644442334492,0.4611569429386498,0.11493271032963492,0.2132320071524363,0.5407526567965347,0.21164772727272735,0.5641007162771089,0.23211678832116786,0.8553928891544667,0.9449081803005009,0.0,0.0,1.0,0.0,0.0
64,0.0007454274523316832,0.0017349957615031347,0.015405684388832382,0.21555254215274766,0.13173055202634404,0.2971292894427688,0.00011490163172825397,0.002554611705998383,0.40785498489425986,0.19610113877629798,0.15350364557243834,0.06916172232640112,0.4639473576756577,0.5169390757572705,0.6034868126955744,0.3960093307285165,0.3849431818181818,0.35997084324735107,0.1605839416058394,0.4230654317299072,0.6460767946577629,0.0,0.0,0.0,1.0,0.0
65,0.08544038321606033,0.08475116869060956,0.11499288569278114,0.2244154865226373,0.2591248628821339,0.30396627021535255,3.43049303836218e-07,0.018678541510798133,0.5268860453696997,0.31442815506470256,0.29245652844349107,0.20620484265044117,0.5004126962395834,0.27515358229037046,0.3080937360594587,0.3951827204950003,0.3609798495431745,0.45879463040296875,0.2392421046109886,0.8413504631012847,0.737622369651599,0.0,0.0,0.0,0.0,0.0
66,0.19772706028119863,0.39555559865434786,0.18673358519255862,0.19260750550484185,0.2934235869806218,0.28675737301068815,0.008373880076162386,0.006328562709036885,0.8126888217522658,0.7170044392974328,0.6986697834919575,0.32633532448598296,0.44536803478236053,0.010371337282399584,0.16897630755476084,0.7516133046487095,0.39630681818181823,0.5539719573399446,0.4291970802919708,0.8778010158350762,0.9131886477462435,0.0,0.0,0.0,1.0,0.0
67,0.21888527712049097,0.15774285125982337,0.13346028598276788,0.22146124485473623,0.30354475469414033,0.34508025909698287,6.165137376646706e-06,0.0018178704767156122,0.5313716975691735,0.3122826907688448,0.291587033978288,0.21922318542367092,0.4886741771749374,0.26237213069572407,0.3333629841513337,0.4223614653601244,0.3475721523108273,0.4913166003125466,0.2189023116583291,0.8183447863758588,0.7445187271145842,0.0,0.0,0.0,0.0,0.0
68,0.09016166812990636,0.019538298799079083,0.07907323005081347,0.2184273141615567,0.29948822726819635,0.4353220177320726,0.00028543639268585423,0.0003991241597110676,0.2416918429003021,0.12762015055008685,0.13636110647297825,0.136755626949914,0.4780169808337769,0.2799749475619606,0.27760393383996423,0.2681549243241461,0.3560098110853871,0.3341178322720783,0.4525547445255474,0.394084254556319,0.580968280467446,0.0,0.0,0.0,0.0,0.0
69,0.15289966605143396,0.5015947900024808,0.2336245332559588,0.197876863348585,0.19153482522861118,0.44218688328424105,0.008709038476266234,0.014098096986137076,0.7764350453172205,0.6706427330631152,0.6679467913396784,0.33620485204132705,0.4555055837807862,0.06630059515043091,0.1470719713902548,0.5711308857243904,0.24147727272727276,0.5128592405896437,0.1781021897810219,0.8377651628323868,0.9482470784641069,0.0,0.0,0.0,1.0,0.0
70,0.03806280505798278,0.007832128048667154,0.043953095459919905,0.21509406529798725,0.264805176488758,0.3592861699314243,0.0005116702242872256,0.0033542038778101176,0.7129909365558912,0.5296274850414978,0.5408805031446542,0.07812417974177627,0.48364483009702464,0.6462288794459939,0.2735806884219938,0.30844855323057957,0.6789772727272728,0.4561351693153123,0.18248175182481752,0.6121900209142512,0.7111853088480803,0.0,0.0,0.0,0.0,0.0
71,0.08739965047205518,0.15660619636725667,0.08886628673645063,0.22017817567890333,0.29611616722923984,0.3155522232574206,8.498360147353249e-06,0.018683037297157618,0.471027224952411,0.2987387300721924,0.28318689572970895,0.15567881765963948,0.5320029006552848,0.2749254950038965,0.30661936000741247,0.3843225893830262,0.3506111073431838,0.3695871240398655,0.20443585318459964,0.6109370080065353,0.6139098426589807,0.0,0.0,0.0,0.0,0.0
72,0.03432819885885633,0.007760206938851704,0.01808540888198575,0.1936721111136128,0.2513390984308783,0.26944597292261124,0.003986265752993375,0.006542597045395799,0.18126888217522663,0.08650839606253617,0.07914509934880615,0.03067219634664083,0.5385163604136896,0.3393163598931551,0.1779168529280286,0.2191008210898276,0.0,0.21370490656624316,0.05839416058394161,0.32237824917836844,0.3973288814691154,0.0,0.0,1.0,0.0,0.0
73,0.26921899657803533,0.16762947587784185,0.19279629935115986,0.2288501233004955,0.29500729790232083,0.3472820548881078,4.218454453531234e-06,0.17867876878104783,0.5481806264009575,0.3140797572456902,0.2702765960289913,0.32121762721556735,0.39915098783153247,0.2563161904228659,0.3335005992185828,0.34977227218485046,0.4088367475338982,0.4196015723031989,0.3226699296826492,0.7962354347176577,0.7343358908228507,0.0,0.0,0.0,0.0,0.0
74,0.018510547239425728,0.0039936418506513706,0.007448168710098133,0.2099169877134137,0.25165147485720774,0.2971292894427688,0.0016847111541282906,0.002667960486398069,0.1178247734138973,0.07685774946921442,0.06717871653587132,0.011504565580924293,0.7024274702057784,0.39895852550279287,0.06392489941886455,0.29061222908675155,0.38098880260280094,0.08718907124062937,0.0145985401459854,0.2485808186435614,0.1752921535893155,0.0,0.0,0.0,0.0,0.0
75,0.03385779326347663,0.03738362315924384,0.007032124216459716,0.20946742737696478,0.31094864715089704,0.5044183818767245,0.00030993170378431056,0.010721306050855611,0.07250755287009059,0.04613009071607796,0.04959091668058105,0.007744845897238223,0.5251502184134763,0.390762223527898,0.04112650871703173,0.22624863966108774,0.33380681818181823,0.035857859332021236,0.072992700729927,0.26202569465192704,0.1769616026711186,0.0,0.0,0.0,0.0,0.0
76,0.026982911254359938,0.01594628382009379,0.006297697110862752,0.20965676961265942,0.2485057380009428,0.32677988908080896,0.0002523720332701069,0.0034141086824080367,0.1299093655589123,0.07172360548156724,0.057828240663438515,0.0076322501366595345,0.926134478419874,0.469894441800365,0.06392489941886455,0.3205908971880419,0.39834401134590736,0.02796033738284849,0.08909190610730901,0.15058261129369588,0.1686143572621036,0.0,0.0,0.0,0.0,0.0
77,0.08206786010817588,0.047739454870311684,0.10541976444477666,0.22299103054799757,0.2447943232725941,0.3060637058564798,0.00017988612589972056,0.002328844504545658,0.22054380664652562,0.06570160200733448,0.06823621083096787,0.18872288783184873,0.6444137725414081,0.19136900101853047,0.3035315154224408,0.2761093376541933,0.31941672662206416,0.12573841463136393,0.14598540145985403,0.16313116223483726,0.39565943238731216,0.0,0.0,0.0,0.0,0.0
78,0.04053736026671896,0.030246463138006916,0.09953903230669464,0.1968269950488611,0.1981797444733075,0.28675737301068815,0.0013370772542105876,0.004307667148231002,0.9123867069486403,0.7431769928585215,0.7790950075137754,0.20566135130737337,0.4646508388335637,0.14933020384561127,0.1591417076441663,0.8445349460750915,0.6292613636363638,0.5218304541130998,0.3,0.8652524648939348,0.8614357262103506,0.0,0.0,1.0,0.0,0.0
79,0.004814394612834109,0.04133917130249567,0.058372868726620876,0.21896527934374227,0.2611665354487077,0.29744393603997743,1.4331352928774835e-05,0.01638440339388887,0.43202416918429,0.23779193205944793,0.250180887182056,0.11122518326482297,0.5557204507333019,0.25516590263965266,0.43451050514081363,0.3282403779478736,0.3490457147455141,0.32975705439129416,0.26277372262773724,0.5712578428443384,0.6978297161936561,0.0,0.0,0.0,0.0,0.0
80,0.0055773946879817005,0.043924061706004124,0.07086437315002857,0.22090080255250735,0.22740017891496273,0.1865452595697945,7.179531858857991e-06,0.0,0.4302559874204961,0.3021610398506794,0.2933560893393349,0.13541887449678242,0.5758135802885114,0.18691816255249613,0.05230219043361645,0.371876475389309,0.32218657436286274,0.3264964667004612,0.2074423211017138,0.5503435912757695,0.5463097643814977,0.0,0.0,0.0,0.0,0.0
81,0.11725452855883414,0.14634652883672855,0.020034165717017695,0.19086674335859943,0.5149208951371667,0.25220919093836225,0.0022982966568041575,0.00815082654933388,0.2356495468277945,0.13703918162516887,0.1385874102521289,0.05816044053048326,0.5153014822027928,0.11863941697271671,0.410818059901654,0.2524824581442705,0.29451566180560124,0.4046715982061852,0.0364963503649635,0.6280250971018821,0.4941569282136896,0.0,1.0,0.0,0.0,0.0
82,0.3315439805862612,0.2249595342744493,0.15299205275947578,0.2196182250770406,0.3595825062180359,0.4353220177320726,2.154950028518507e-05,0.015712270452567616,0.49244712990936546,0.32453194364022386,0.2764512717760338,0.23723821549169657,0.4454875694731565,0.3583087743993849,0.9177469825659365,0.4167574027340815,0.3819769816028892,0.5346412404772634,0.18997654290596952,0.800418285031371,0.7706877780856393,0.0,0.0,0.0,0.0,0.0
83,0.08422386284281506,0.08212340207860089,0.03770473867782215,0.21215482915321776,0.3754961608813874,0.5285946475169698,0.0001008044093078939,0.00019718449485854996,0.3383685800604229,0.1606253618992472,0.12862470084042965,0.05825709984557215,0.4941273588255114,0.4554536336111943,0.47518998658918193,0.26766583912782765,0.4111090915632353,0.407320190088664,0.1094890510948905,0.49686286226471443,0.5008347245409016,0.0,0.0,0.0,0.0,0.0
84,0.27116791105115107,0.1541712590425856,0.27552332429640264,0.24189327424003998,0.2537736358691334,0.38003000279558546,0.0009616899728428109,0.3638520143546177,0.8972809667673715,0.5851766068326578,0.5360939500194801,0.4764049443058641,0.26000363043887975,0.11506759951907544,0.32811801519892714,0.4059012830598484,0.43233118730040554,0.43627050426829117,0.5154836050395226,0.9435315207648638,0.9666110183639399,0.0,0.0,0.0,1.0,0.0
85,0.17780887034840992,0.19190976405835466,0.03302108928439381,0.20706007780343577,0.4354938128548848,0.56657526236538,0.0012705652027987402,0.004272830359362152,0.29607250755287007,0.1354178729974908,0.13118495018645293,0.03337412478555031,0.566655606729928,0.2493430711250498,0.27805096110862765,0.24947905001768328,0.3318436009404253,0.4449044595141229,0.0437956204379562,0.6570062742754703,0.4390651085141902,0.0,0.0,0.0,0.0,0.0
86,0.09253048976068241,0.05504874069369122,0.06248764952320422,0.19545246603042934,0.2158995291258311,0.1519970774974686,0.0005265638753082645,0.003803567442240061,0.8731117824773414,0.7172360548156727,0.6972226860355095,0.1892812568480274,0.459022989570316,0.27038649896829225,0.2056325435851587,0.8266653996469411,0.45738636363636365,0.5031776553439001,0.3970802919708029,0.7532118314908871,0.7963272120200334,1.0,0.0,0.0,0.0,0.0
87,0.017540914197946088,0.016161239047182672,0.006013896443349057,0.2097942712701519,0.2565644427211011,0.2625811073704428,0.0014627350339314505,0.020587353428991848,0.27794561933534745,0.14113105578073726,0.13513663939444537,0.00853096933838208,0.6194166935728751,0.5444223444183138,0.2530174340634779,0.2655616418030186,0.21875000000000006,0.11621098998528115,0.0437956204379562,0.32028682402151176,0.24040066777963276,0.0,0.0,0.0,0.0,0.0
88,0.0646946304296426,0.06526396259455808,0.06191699469151186,0.19212271402514533,0.3244332101225381,0.24183727450628167,0.0012392291755525073,0.005577297536620365,0.8549848942598187,0.6729588882455124,0.6372794567818778,0.2246094581814942,0.45761602725450407,0.30838993127632564,0.2932498882431828,0.6926438014358132,0.3849431818181818,0.5032850422769468,0.5051094890510949,0.7051090528831789,0.8080133555926544,0.0,0.0,0.0,1.0,0.0
89,0.023967911978342832,0.03166225846830663,0.01196778317986093,0.19100311845724363,0.4772663527505541,0.4525587997163216,0.035090430157039915,0.0075249531421930724,0.42900302114803623,0.16116579810847326,0.14064674124784327,0.09054020164032724,0.49419704746561405,0.40848806366047763,0.23826553419758606,0.2637746871602036,0.9715909090909092,0.3378616721989608,0.06861313868613138,0.5509411413205854,0.5676126878130218,1.0,0.0,0.0,0.0,0.0
90,0.09153650248445269,0.22801658549278486,0.10617477912611126,0.2227323679087082,0.305817967434991,0.3094003142484754,1.0805026745324528e-05,0.007635924337595776,0.52007269112056,0.31529199885946396,0.29668900281942595,0.18845860761699035,0.5095039253269311,0.27456299591634237,0.3050727763439837,0.4201548312263962,0.34302769445751286,0.44981764178267475,0.21904821532886065,0.8401553630116525,0.7411490053623296,0.0,0.0,0.0,0.0,0.0
91,0.10472918915748554,0.05771628657572282,0.04682258608929836,0.19269790899765277,0.2889936408174909,0.48710698178864753,0.17704161033593543,0.023273559295910247,0.39577039274924464,0.18702953097857555,0.160739132854678,0.04958474078034057,0.603236626941038,0.31456622540683077,0.4202056325435852,0.24769209537486822,0.1832386363636364,0.3129091486745549,0.031386861313868614,0.48939348670451155,0.4774624373956594,0.0,0.0,1.0,0.0,0.0
92,0.16768296147494566,0.2951682751944092,0.1845717498884226,0.19744728178785573,0.1937497983101766,0.3281704206351826,0.0006333694664915699,0.00360447054205785,0.7129909365558912,0.493495464196101,0.4537207101909055,0.5734200816069854,0.4555055837807862,0.07300088210626512,0.10236924452391595,0.6247395250088416,0.2556818181818182,0.6195359855081545,0.20875912408759123,0.8670451150283833,0.9749582637729549,0.0,0.0,0.0,1.0,0.0
93,0.12464371335409362,0.2517061061022233,0.09267010044387165,0.19135923343257424,0.4086021872220252,0.34548182072325956,0.010775410069899542,0.0025685154095677017,0.5226586102719033,0.16583671105964098,0.14782657093560417,0.15843028506026607,0.4555055837807862,0.2960063375226921,0.3844434510505141,0.2280355943039028,0.19034090909090912,0.43770720822591497,0.1021897810218978,0.6991335524350166,0.741235392320534,0.0,0.0,0.0,1.0,0.0
94,0.20668259123559138,0.18438552300788627,0.04839115149651464,0.19066745974670965,0.5858000337472611,0.48367454901256335,0.0051600688578210116,0.004547803232926369,0.14803625377643503,0.07882648137425208,0.07964601769911503,0.12902884178420765,0.4716856504126233,0.21586334019071482,0.35046937863209654,0.20928000031708605,0.3326872801353171,0.5007018192731457,0.09489051094890509,0.517478338810875,0.5525876460767948,0.0,0.0,1.0,0.0,0.0
95,0.1830801073327554,0.023612750885478158,0.2891552784951163,0.19844194016861239,0.18710487906548026,0.17274091036162975,4.3675410638483874e-05,0.0001688602214162209,0.6706948640483382,0.5129125651418645,0.48316357767017315,0.39408273672716837,0.4555055837807862,0.059874706804310396,0.1931157800625838,0.46927447108393316,0.1065340909090909,0.5656251449396975,0.20510948905109488,0.8876605915745444,0.9699499165275459,0.0,0.0,0.0,1.0,0.0
96,0.656725136686138,0.14660431348876374,0.3299541574413701,0.1911812859248272,0.4396118103639415,0.5735147460213763,0.001110321536084158,0.020802266438067034,0.46827794561933533,0.4087627871067361,0.3803083430734124,0.2792625992523201,0.45761602725450407,0.02162633110455517,0.2570406794814484,0.48893097215489856,0.39346590909090906,0.5330609674163935,0.21094890510948905,0.887063041529728,0.9165275459098498,0.0,0.0,0.0,1.0,0.0
97,0.11923812713872797,0.479673397351202,0.09065049499913572,0.19666136529195932,0.20039471755487298,0.2625811073704428,0.007756585817942538,0.010633076972815365,0.9909365558912385,0.8445087820883999,0.8746034396393387,0.29721809692179774,0.4681682446230935,0.05236982731490886,0.16942333482342425,0.5675569764387604,0.2855113636363637,0.5583457798710555,0.2248175182481752,0.9031968927397669,0.8781302170283806,1.0,0.0,0.0,0.0,0.0
98,0.0499248294974459,0.02913208998704612,0.02625547999036497,0.19042176460931354,0.7209133917227535,0.5250875966370577,0.0003797855993680462,0.01378699515794478,0.49244712990936546,0.32966608762787103,0.3263761340234875,0.06478067047627697,0.49543121316587413,0.1971437740195676,0.45999105945462676,0.30844855323057957,0.29687500000000006,0.349769612626057,0.1167883211678832,0.6331042724828202,0.6310517529215359,0.0,0.0,1.0,0.0,0.0
99,0.09377154765548679,0.2557797500862649,0.08696556719090782,0.21959429856240095,0.326917407527042,0.318718700046008,1.2862937696273208e-05,0.01869819039705796,0.4707479734807507,0.3005754818838176,0.2859820234161742,0.15095517709861836,0.5323530743287216,0.2742574667455676,0.3037823393617342,0.3999108933215267,0.3411128551707774,0.36607088799646864,0.19701300687505138,0.6255201892485638,0.6247418525646439,0.0,0.0,0.0,0.0,0.0
100,0.02648027009144179,0.004763763397326959,0.03657533723701543,0.21427454830829376,0.2995543383964193,0.4145781848679114,0.0013088640789291942,0.005641492331538929,0.24471299093655585,0.10291449527118314,0.10213168586853674,0.06601842401024612,0.45480210262288023,0.19981024638514713,0.481001341081806,0.2383571125107522,0.32674487297937715,0.3546941602003281,0.09489051094890509,0.6348969226172692,0.6360601001669449,0.0,0.0,0.0,0.0,0.0
101,0.014964611899346216,0.009925113154532605,0.17184618195809165,0.1999418462938622,0.17824498673921846,0.17274091036162975,0.016225648220525003,0.017968391868183792,1.0,1.0,0.9999999999999999,0.3297458098242811,0.4332157950482846,0.0,0.21144389807778274,0.41387887715666694,0.3693181818181819,0.6087960013146063,0.9452554744525548,0.9366596952494768,0.9265442404006677,0.0,0.0,0.0,1.0,0.0
102,0.17192087325167296,0.08945046615384492,0.12298147396222234,0.20197053586611313,0.1716000674945221,0.5250875966370577,0.0024087729011966486,0.0003382373091361339,0.46827794561933533,0.22570932252460918,0.2281404797684644,0.2011995421862567,0.45480210262288023,0.6006104981497473,0.2735806884219938,0.33882678215843526,0.5028409090909092,0.5244158312087811,0.4817518248175182,0.6071108455333132,0.7445742904841403,0.0,0.0,0.0,1.0,0.0
103,0.01634400551326722,0.0106176568748904,0.014084206640699398,0.19431417387642322,0.23583428685992014,0.44218688328424105,0.006898253367420203,0.004506402242000628,0.14803625377643503,0.059525188187608574,0.05576890966772416,0.020054189074874287,0.7129796875743679,0.21590209705649357,0.08627626285203398,0.23518341287516295,0.1803977272727273,0.12579739137368634,0.09489051094890509,0.400956080071706,0.39398998330550916,0.0,0.0,1.0,0.0,0.0
104,0.16441802772396275,0.13184594013416115,0.026710138667544247,0.2067309554715457,0.39342810779643134,0.43875445050815676,0.000836889174928091,0.0016641027513672015,0.3383685800604229,0.12912565141864502,0.13112929259197414,0.02349816416964153,0.4639473576756577,0.5534356411238252,0.2735806884219938,0.27807032430272394,0.6079545454545455,0.47198550728416466,0.32116788321167883,0.5428742157155662,0.5308848080133556,0.0,0.0,0.0,0.0,0.0
105,0.00030716578108590096,0.0391615447529782,0.013176498843631493,0.21153518852032763,0.2770345121234954,0.21422857608995205,0.002144784530860551,0.004679449080476756,0.31722054380664655,0.12615325226790192,0.10346746813602714,0.025661977412733124,0.5740457279986932,0.29691169790728433,0.13455520786767994,0.24947905001768328,0.3693181818181819,0.34871875430831234,0.051094890510948905,0.4941738870630412,0.3806343906510853,0.0,0.0,0.0,0.0,0.0
106,0.008111266090290746,0.04460301268096577,0.10811521338320595,0.22671505651606896,0.2354388956366429,0.2777611185666572,6.7202511902964124e-06,0.010995193505182075,0.513157659682955,0.2987170914578321,0.27565417810660875,0.20634940497629917,0.5156181809083656,0.26285312868305755,0.5297273133661152,0.3665009422300248,0.355909648740314,0.4263314696902564,0.1605839416058394,0.685688676426651,0.7078464106844743,0.0,0.0,0.0,0.0,0.0
107,0.010568546517275698,0.006442191993806704,0.03963645333762584,0.2177018434143961,0.14945033667886765,0.34548182072325956,0.006577255052174592,0.027281754107782025,0.8549848942598187,0.4929550279868752,0.4506038849000946,0.3033956411370486,0.4555055837807862,0.010275220255268197,0.2597228430934287,0.32453114501591496,0.47159090909090917,0.5487213325425755,0.8883211678832116,0.888855691664177,0.9165275459098498,1.0,0.0,0.0,0.0,0.0
108,0.5642112802033751,0.11535984393927272,0.13587415503081862,0.19107526528362315,0.46176154117959595,0.4283825340760762,0.0005477696848361657,0.011990833065984237,0.5619335347432025,0.04636170623431769,0.03272666555351478,0.5578985513229228,0.3653959682892031,0.08195526837579281,0.6638354939651319,0.26198773251738855,0.4161931818181819,0.6833097420262424,0.1386861313868613,0.6635793247684494,0.7495826377295493,0.0,0.0,0.0,1.0,0.0
109,0.0,0.039367369240915606,0.025527220763593025,0.21375473443095866,0.2450292582500087,0.1796803940176261,0.0009332823088760714,0.0015287871530606004,0.2809667673716012,0.111368461686933,0.09996103968386486,0.04933263016885235,0.6137888443096273,0.44762784727314453,0.13455520786767994,0.34418764608688035,0.6178977272727274,0.26084340824793134,0.1021897810218978,0.4374066328054975,0.41235392320534225,0.0,0.0,0.0,0.0,0.0
110,0.13296637786775128,0.04338297506115314,0.0688432446576944,0.21482947756686274,0.28212824621959276,0.38003000279558546,0.0008755368734434105,0.03072377357058944,0.4833836858006042,0.2845010615711252,0.27294484332387153,0.10927882122937509,0.5158231712380738,0.2902439667187042,0.5239159588734913,0.6944307560786281,0.4687500000000001,0.38132966430978404,0.2043795620437956,0.7663579324768452,0.6727879799666111,0.0,0.0,0.0,0.0,0.0
111,0.006011257475810724,0.013033882923746652,0.0008274980643337747,0.20962962080916667,0.2654967178654239,0.3869694864515818,0.0006487490826445953,0.002532128021787775,0.1238670694864048,0.07384674773209804,0.06845884120888295,0.0007873446906093489,0.7256423484166752,0.29941849198585535,0.06392489941886455,0.24054427680360807,0.14772727272727276,0.0,0.051094890510948905,0.3232745742455929,0.13522537562604342,0.0,0.0,0.0,0.0,0.0
112,0.11504388344425241,0.06473303934569567,0.08714569910629083,0.2184901767955796,0.33959379686160346,0.5803796115735448,0.0008814183601054791,0.0001801795934670787,0.41993957703927487,0.12661648330438136,0.12745589135637558,0.14810031205503946,0.5212586869922013,0.4069346884800643,0.4219937416182387,0.30517385789474166,0.3957870667645207,0.38703745621297864,0.26277372262773724,0.5864953689871526,0.5876460767946577,0.0,0.0,0.0,0.0,0.0
113,0.0032962987061784152,0.04065453195065423,0.055348655234032124,0.2185494516123108,0.29064527818062647,0.2981083247360629,2.3454103862130653e-05,0.015146767029698053,0.5981873111782477,0.3310943833236827,0.327210997940669,0.10570343281184262,0.4489390128248278,0.1941718975516513,0.47518998658918193,0.33225567414850077,0.33596134189428917,0.46116595582901837,0.0875912408759124,0.6847923513594263,0.6560934891485809,0.0,0.0,0.0,0.0,0.0
114,0.07201774033024617,0.021121371317376545,0.1156653979212307,0.22510567176509622,0.23683059050846214,0.2984045155670175,4.788834859236479e-06,0.012243270568707477,0.5307288491796989,0.3146615460574063,0.2921198328578739,0.20990529593742693,0.5011505951772022,0.27652469537712465,0.30308448815377736,0.39010965060904945,0.36524947575768,0.47395746948513384,0.1676642335766423,0.8727218404541377,0.9382303839732887,0.0,0.0,0.0,0.0,0.0
115,0.00354396500688242,0.00042263753296047486,0.0165234618942092,0.24048792279947878,0.14059044435260584,0.11058402987297421,0.002747016820674679,0.01766742061954386,0.5740181268882175,0.3445280833815865,0.2674347414704737,0.09467123276361186,0.459022989570316,0.18250298040297838,0.43316942333482344,0.2191008210898276,0.2741477272727273,0.4270086057292771,0.25547445255474455,0.7080968031072605,0.6944908180300501,0.0,0.0,0.0,1.0,0.0
116,0.01698571554253812,0.01351227951937304,0.011241621104565551,0.2108768260576961,0.25109780589359976,0.38003000279558546,0.00027472719908561784,0.00379509083485951,0.21450151057401812,0.12978189538699092,0.11804975788946401,0.018834014652929502,0.8733733915769271,0.5050112627451954,0.13187304425569957,0.22088777573264262,0.65625,0.004980853965228427,0.13733547045323324,0.031371377352853225,0.27712854757929883,0.0,0.0,0.0,0.0,0.0
117,0.03942396163440514,0.0272419385729074,0.2177587110990478,0.2005163813868601,0.17603001365765303,0.10364454621697784,0.0003491408023570674,0.0023257949933538744,0.8580060422960724,0.6893649874541593,0.7375744420326152,0.24823206939173867,0.459022989570316,0.40868184798937146,0.11980330800178811,0.594361296080986,0.4303977272727273,0.5127780057196955,0.4715328467153284,0.6767254257544071,0.8414023372287146,0.0,0.0,1.0,0.0,0.0
118,0.3113587417727134,0.16000992349694979,1.0,0.2095265961703486,0.156095255923564,0.2625811073704428,8.020310550911626e-05,0.011955634470702803,0.7432024169184291,0.5083188573634434,0.5185061501641899,0.8051364462466187,0.4555055837807862,0.07581618083643518,0.15333035315154225,0.5872134775097257,0.2599431818181819,0.667691452940124,0.32189781021897806,0.8655512399163428,0.9181969949916527,0.0,0.0,0.0,1.0,0.0
119,0.022082898790856925,0.01578385524624091,0.13312456944357923,0.2074847090079063,0.15831022900512942,0.2556416237144465,0.0002418783680283016,0.0016061620387233131,0.8700906344410876,0.7183941324068712,0.7574998608560137,0.20987091221142823,0.459022989570316,0.41964383990623944,0.1752346893160483,0.6712003457220327,0.6150568181818182,0.5061528255674898,0.39927007299270073,0.6576038243202871,0.8230383973288814,0.0,0.0,0.0,1.0,0.0
120,0.07668055675201112,0.04796653163276273,0.059200501201471085,0.1918442448721073,0.34879791401975807,0.4283825340760762,0.004735177150044705,0.004131984291606045,0.4380664652567976,0.21713954834973942,0.20498692046529746,0.058686824851153785,0.46113343304403387,0.526746113073931,0.2749217702279839,0.2280355943039028,0.5596590909090909,0.42698493386932695,0.072992700729927,0.6991335524350166,0.5225375626043406,1.0,0.0,0.0,0.0,0.0
121,0.12719710480156457,0.020524183675201035,0.43512104053534867,0.2744100390456668,0.11736384672708,0.23176852962124772,4.93085265255985e-06,1.0,0.7249791367901403,0.36868473625220094,0.21964441533794693,0.7952171307119412,0.0,0.26449842567143245,0.19982118909253466,0.0,0.717960803929358,0.114842755017909,0.9999999999999999,1.0,0.8918425006258718,0.0,0.0,0.0,0.0,0.0
122,0.3011790611316495,0.2643609890203132,0.04697226747495817,0.20400459836977602,0.39676481741909353,0.26944597292261124,0.000517416107690448,0.006384229209944529,0.6797583081570996,0.37521713954834973,0.35782267490399067,0.038948672777042156,0.4555055837807862,0.5102449898999608,0.21144389807778274,0.3191702810874698,0.5241477272727274,0.4599703364164823,0.4160583941605839,0.5563190917239322,0.5776293823038398,0.0,0.0,0.0,0.0,0.0
123,0.0135031516166813,0.006644217583175956,0.008413691940725306,0.19169665182180043,0.3643027255907162,0.2971292894427688,0.003552396134472207,0.0022645980229967257,0.13595166163141992,0.0689056166763173,0.06456280959536928,0.006494983072794381,0.9999999999999999,0.5063569011250344,0.13187304425569957,0.2781021462372998,0.4199293046783533,0.26460183519047725,0.0072992700729927005,0.41111443083358257,0.27545909849749584,0.0,0.0,0.0,1.0,0.0
124,0.43611121293711613,0.05076175768727569,0.21800800489794434,0.19529475482764241,0.21811450220739656,0.44110671964945736,6.924271873875597e-05,0.07516765979942588,0.46827794561933533,0.11488129704690213,0.1307396894306228,0.12489749244803414,0.3781046376095353,0.13260274057549296,0.36656236030397854,0.2512660046604983,0.6718750000000001,0.5072804068031084,0.19873069182561723,0.7660591574544369,0.606010016694491,0.0,0.0,1.0,0.0,0.0
125,0.14018063831464114,0.4865883292241328,0.01641021338379602,0.19015627308663038,1.0000000000000002,0.48710698178864753,0.016540767999794405,0.0034271853998914478,0.42900302114803623,0.22053657595058868,0.21122057104691938,0.14341277819116785,0.4716856504126233,0.11381031149668164,0.5395619132767099,0.3370398275156202,0.1946022727272727,0.4646241375379229,0.09343065693430655,0.6504332237824917,0.7011686143572621,1.0,0.0,0.0,0.0,0.0
126,0.19761997496302192,0.28657572282735616,0.07320373364932622,0.21277419259540437,0.3592221380746795,0.36246541508385366,0.0002671744696108812,0.004262234600136463,0.7250755287009064,0.46770893649874534,0.42489007625090447,0.10707411332988633,0.4892726793602723,0.37720972270237674,0.40634778721502013,0.5076199896339112,0.37216762544939397,0.439035899199406,0.3051094890510949,0.6728413504631012,0.6727879799666111,0.0,0.0,0.0,0.0,0.0
127,0.0034551396370554608,0.005159733552490693,0.006089552891465304,0.21017437271836575,0.27187465525313725,0.23489779085028534,0.0025978896704996297,0.0007783489667299878,0.039274924471299044,0.05307855626326963,0.053431290699615955,0.011636838938524366,0.6566421563296955,0.29246551026514356,0.06392489941886455,0.2423312314464231,0.21732954545454547,0.2736735304640687,0.0,0.18016133851210037,0.12186978297161943,0.0,0.0,0.0,0.0,0.0
128,0.15860300168807154,0.06215842523477393,0.1752148953227543,0.2308086701405631,0.22511804818421755,0.3087960148904574,5.654155560199564e-05,0.07514719189379968,0.824773413897281,0.705732484076433,0.6009907051817222,0.3083404028196758,0.4555055837807862,0.1385030858216533,0.35046937863209654,0.5872134775097257,0.31960227272727276,0.5077813306222121,0.3200729927007299,0.8739169405437703,0.8747913188647746,0.0,0.0,0.0,0.0,0.0
129,0.005558676522609344,0.00453668663487592,0.010200665189452715,0.19076160255674146,0.550360464442214,0.5423989967251346,0.00698016620294885,0.004216802052041925,0.42296072507552873,0.17710866628064081,0.14437580007792064,0.042402787682512294,0.4991214155709558,0.19027140657967564,0.1618238712561466,0.32631809965873,0.3906250000000001,0.41872950896703437,0.05839416058394161,0.41380340603525534,0.37395659432387307,0.0,0.0,1.0,0.0,0.0
130,0.3928755500895356,0.21737791795660003,0.1053369424716835,0.20932715443039313,0.35273197921163846,0.42137741070009616,8.047071988750159e-05,0.002384976185126624,0.7250755287009064,0.5256900212314225,0.4936272054321812,0.13543869860904847,0.46113343304403387,0.477383818543455,0.40634778721502013,1.0,0.5710227272727273,0.4851754904706274,0.2745255474452555,0.7051090528831789,0.7679465776293825,0.0,0.0,0.0,0.0,0.0
131,0.002115038132820619,0.04098299747420056,0.05010442491553638,0.21766727971680372,0.2745092603158765,0.2556416237144465,0.0004204705540332981,9.52584597704607e-05,0.40785498489425986,0.11144566685967959,0.10547114153726275,0.096148505999087,0.45761602725450407,0.5901476946641099,0.1712114438980778,0.3120224625162097,0.5511363636363636,0.3752636498754232,0.5036496350364963,0.49566776217508224,0.6460767946577629,0.0,0.0,0.0,0.0,0.0
132,0.027791435190700767,0.02801206011958299,0.0953497063146822,0.22381864685903521,0.2399107813294045,0.2901659579753118,7.2802400501487275e-06,0.006189008807040008,0.48537033844183475,0.30535636795449955,0.2883840560507487,0.1785507812559984,0.5334100044170487,0.17924895395219267,0.3004352876907193,0.3684500464807096,0.32539619433959954,0.40005344811545995,0.2033732258621659,0.7009262025694651,0.6620028312698659,0.0,0.0,0.0,0.0,0.0
133,0.006325365244788698,0.0015095352037670497,0.009827092181076778,0.1911322348812826,0.4484717026902033,0.4007738356597466,0.004009677520927957,0.0019429521222091093,0.0785498489425982,0.07774560895580002,0.07480380697946235,0.004083987217818271,0.8965882697878237,0.3884554148767454,0.10326329906124272,0.3048746439449495,0.30397727272727276,0.05918584168154642,0.0437956204379562,0.22617269196295187,0.13856427378964953,0.0,0.0,0.0,0.0,1.0
134,0.036824129891695825,0.02791347163197079,0.016277285199091253,0.21073711767210443,0.20480331328649037,0.04148766572832231,0.0005964043003695983,0.00021460288929297494,0.1570996978851964,0.07697355722833428,0.07046251461011854,0.025254002688124878,0.4963074909393319,0.23715636224957257,0.06392489941886455,0.29417433543972094,0.32870762853176033,0.07914678819666529,0.14517289862379884,0.3477741260830596,0.27712854757929883,0.0,0.0,0.0,1.0,0.0
135,0.05950770537745169,0.1615849149916725,0.08383263074533948,0.22060682053641303,0.29301904290357794,0.3072778824910533,5.375379891824059e-07,0.01861556618931704,0.47078853662887454,0.29985203103373836,0.28457962509112483,0.1507746136219053,0.5357730551276704,0.27761079685283196,0.3013209704846546,0.3837095226696674,0.3502804335815524,0.3651486619970708,0.20559485907884148,0.6238422467881684,0.6174636579368517,0.0,0.0,0.0,0.0,0.0
136,0.006791280313347128,0.00628622823881364,0.08868091199866492,0.22367722979230484,0.18610352735808217,0.062231498592483475,0.00016305207819935374,0.032191725559705474,0.6737160120845921,0.37834394904458596,0.29821339121723156,0.16883778160550614,0.45761602725450407,0.2252145967658171,0.9400983459991059,0.27092250573146376,0.4687500000000001,0.4640958475795793,0.2408759124087591,0.6486405736480427,0.7278797996661103,0.0,0.0,0.0,0.0,0.0
137,0.006841569631575186,0.007493533160884291,0.002379725235492911,0.20464964667496233,0.16495514824982577,0.34548182072325956,0.002454091330696101,0.010202010475536124,0.09063444108761332,0.07083574599498163,0.06996159625980966,0.003730848314280121,0.9563841682098304,0.22940808964308032,0.13187304425569957,0.29236596144524424,0.24147727272727276,0.040297199572289416,0.0875912408759124,0.32805497460412325,0.20534223706176968,0.0,0.0,1.0,0.0,0.0
138,0.007809690556880312,0.0032776631619267417,0.042125714426902494,0.21823590589747377,0.14945033667886765,0.31787312230692993,0.004152152413978167,0.004967963851197706,0.44712990936555885,0.19876471723605477,0.16034952969332666,0.22487265464200362,0.45480210262288023,0.2814864653273328,0.7040679481448368,0.23160950358953286,0.4928977272727273,0.4846204671148397,0.1313868613138686,0.6835972512697936,0.7479131886477463,1.0,0.0,0.0,0.0,0.0
139,0.1015014855395872,0.0384147617673845,0.035288887145660225,0.1919478459551096,0.3377230486119308,0.3592861699314243,0.0003258720785413254,0.0001520103799158573,0.20845921450151061,0.09295502798687512,0.08677018979239717,0.0763759783326264,0.548365096624373,0.2549287106210866,0.13187304425569957,0.3870745575144413,0.37642045454545464,0.23275439433637946,0.12315412189891643,0.311622348371676,0.4891485809682806,0.0,0.0,1.0,0.0,0.0
140,0.0020943496342511725,0.041899786753271474,0.10373600750597381,0.22626757502774858,0.23667862088232222,0.2768888719592194,3.652205008029252e-05,0.0007858952147638931,0.5528700906344409,0.34008878594865855,0.33188623587688537,0.1991631046072238,0.49921912330918544,0.2833260956208131,1.0,0.37885730540494944,0.36006172527404334,0.47000769891950245,0.2009243536541767,0.7251269793845232,0.7323152629774109,0.0,0.0,0.0,0.0,0.0
141,0.0010604974770570738,0.0022352111207814026,0.0009700918155281062,0.2093625897450222,0.18921661666402517,0.02074383286416115,0.0031053822367725988,0.0008692657495494346,0.0,0.05439104419996138,0.047420270495909175,0.0022770282287513776,0.7671477367331269,0.24644560783942884,0.06392489941886455,0.2155269118041975,0.10937500000000001,0.04176625660832019,0.0145985401459854,0.27308037048102785,0.0,0.0,0.0,0.0,0.0,0.0
142,0.0064680769364709595,0.00429102351820291,0.019635068467582305,0.19465643138205288,0.22697439453365836,0.2971292894427688,0.02644568597103541,0.010825816417462162,0.09063444108761332,0.06203435630187222,0.051260644514944054,0.04022566970052556,0.6806477220771614,0.15757456433407183,0.06392489941886455,0.2244616850182727,0.044034090909090925,0.21854099943668023,0.022225424958557352,0.042127278159545645,0.2971619365609349,0.0,0.0,1.0,0.0,0.0
143,0.017807894346151803,0.01835200453830284,0.02230280027749969,0.21248219164705479,0.21157945958791363,0.0,0.0008497648134026288,0.002663412062925578,0.36858006042296076,0.1660297239915074,0.1665831802749485,0.040079377775117414,0.47661001851796503,0.08936713138732527,0.4684845775592312,0.29041749754651375,0.28897245836645485,0.3549443892824215,0.05839416058394161,0.6334030475052286,0.5075125208681134,0.0,0.0,0.0,0.0,0.0
144,0.16133161532497672,0.30162258872357806,0.22830458101985698,0.19177077828670863,0.3554428332644544,0.37309051913958907,0.0021981408852225896,0.02627784468612079,0.8489425981873112,0.6807566106929164,0.631991985306395,0.4111938779968344,0.41326909774220305,0.046494286462846895,0.19222172552525701,0.6497568900082521,0.27840909090909094,0.5796223897957047,0.23503649635036494,0.8664475649835675,0.9632721202003337,1.0,0.0,0.0,0.0,0.0
145,0.058729904892474795,0.04077522875357484,0.18057643068663823,0.21489493594052708,0.15166530976043308,0.1519970774974686,0.0006953910871880562,0.000740410980038985,0.7432024169184291,0.6051727465740203,0.5725496744030723,0.5516161688613036,0.4555055837807862,0.05417589726019964,0.1931157800625838,0.5639830671531303,0.18465909090909094,0.6269587263526633,0.25547445255474455,0.8700328652524649,0.9999999999999999,1.0,0.0,0.0,0.0,0.0
146,0.061116642808833686,0.01374420489596894,0.032621664111448574,0.19130864267017397,0.4152471064667215,0.5112832474288929,0.0037378774022149377,0.01055921677801776,0.2990936555891238,0.18008106543138386,0.14949629876996715,0.015322071005163994,0.5596207951508684,0.28126167550581593,0.28028609745194455,0.38350064822881125,0.42755681818181823,0.2498147574336419,0.0145985401459854,0.5228562892142219,0.3672787979966611,0.0,0.0,0.0,1.0,0.0
147,0.006959193941271241,0.004121322023132738,0.1527312693438138,0.9999999999999999,0.13173055202634404,0.176173343137714,0.0006185438095359885,0.0009339257241413209,0.688821752265861,0.5473074696004632,0.5117159236377804,0.30466392590765495,0.4481851373645551,0.07662542419389595,0.3169423334823424,0.4782092442980084,0.13494318181818182,0.5952616863194178,0.18321167883211678,0.8667463400059758,0.939899833055092,0.0,0.0,0.0,1.0,0.0
148,0.4422290287815277,0.14789242864658206,0.20612673737214973,0.22304439707694612,0.4200408793569256,0.5803796115735448,0.0006550282704442451,0.0007671846545702377,0.4712990936555891,0.046747732098050554,0.05588022485668169,0.3207884266144316,0.3228263846206464,0.2898579483355477,0.5194456861868573,0.22267473037545768,0.1122159090909091,0.5158427574839155,0.1094890510948905,0.7343890050791755,0.7796327212020032,0.0,0.0,0.0,0.0,0.0
149,0.03237168090499695,0.023653156003352008,0.018339114960508773,0.20119253792433156,0.17381504057608757,0.2176610088660363,0.028338325671437035,0.01320262611499045,0.2537764350453172,0.12935726693688476,0.12545221795513997,0.03761334829105918,0.4822378677812127,0.5327689300159524,0.3290120697362539,0.2637746871602036,0.41193181818181823,0.31321475543022553,0.0364963503649635,0.41798625634896913,0.3472454090150252,0.0,0.0,0.0,1.0,0.0
150,0.5977922416526606,0.444178309401382,0.08910031409036313,0.19122505793229527,0.4307519180376797,0.5873190952295412,0.0005534407747673848,0.0028425579237852726,0.44108761329305135,0.26149392009264616,0.2506818055323649,0.1858173805471817,0.4695752069389054,0.07592625033524691,0.32811801519892714,0.2566268685889434,0.031250000000000014,0.4720331983320627,0.1605839416058394,0.7538093815357039,0.7262103505843073,0.0,0.0,0.0,1.0,0.0
151,0.5661205101605044,0.7955630331960367,0.1016979652432725,0.20027410821880814,0.6107497012944645,0.5527709131572152,0.004229877071656015,0.0012917522661873868,0.42296072507552873,0.23188573634433507,0.21867868870707408,0.09955303989632797,0.4787204619916829,0.009898503519898544,0.2217255252570407,0.29951378001650436,0.19875152073273222,0.40558721521676033,0.1094890510948905,0.7009262025694651,0.6611018363939899,0.0,0.0,0.0,0.0,0.0
152,0.0645956326419144,0.040108544308656305,0.030613341501459054,0.1931356290723334,0.26905888308340187,0.37309051913958907,0.014058129168279965,0.018180048619545724,0.30513595166163143,0.14124686353985716,0.11882896421216674,0.05966876962384485,0.4934995516210357,0.4512337860652015,0.2717925793473402,0.35312241930095556,0.4701704545454546,0.41431161481488354,0.0656934306569343,0.5363011652225875,0.5759599332220368,1.0,0.0,0.0,0.0,0.0
153,0.0012950129492130583,0.0005640554455189511,0.014113242158106274,0.21183778037161877,0.22678305885173347,0.12438837908113899,0.0011477164760160966,0.0009346493369664898,0.22658610271903323,0.10283729009843658,0.08994267267768687,0.027193905861963037,0.5978935583838506,0.7474246062690008,0.7447474295932051,0.6336742982229168,0.5838068181818182,0.2611037925730376,0.23875316956567677,0.3352255751419182,0.317195325542571,0.0,0.0,0.0,0.0,0.0
154,0.0553265666898219,0.053590115938445225,0.06922078823322403,0.19305644353118512,0.2734888292465328,0.0829007133528167,0.004855263265118744,0.006403456636441876,0.8066465256797583,0.6029337965643697,0.5385428841765458,0.22838401346608145,0.4908615087984891,0.22938018469971957,0.21993741618238716,0.6301003889372867,0.3607954545454546,0.49290515451023287,0.47591240875912405,0.7603824320286825,0.8530884808013356,1.0,0.0,0.0,0.0,0.0
155,0.39037881717690665,0.18664497719939196,0.18866057632355548,0.2226313313230021,0.3365430381624482,0.4629307161484022,0.0003669153491024691,0.019439083248709393,0.6978851963746223,0.541362671298977,0.517782601435966,0.29570947541659226,0.4253113439392601,0.04453008850517867,0.5324094769780956,0.5169010847667229,0.283133541579462,0.5562421617335535,0.23322259079825192,0.8013146100985957,0.8439824890258564,0.0,0.0,0.0,0.0,0.0
156,0.16966193206291139,0.15613668889756252,0.19759753472575123,0.19596123313230687,0.20925460988113476,0.3765975700195012,0.0013080387849233684,0.005800997272858322,0.9395770392749244,0.7858714533873769,0.801358045305282,0.23458014303411348,0.45761602725450407,0.07514491192114686,0.39606616003576217,0.505013563940234,0.31676136363636365,0.5455716775671463,0.24014598540145984,0.8595757394681804,0.8230383973288814,0.0,0.0,1.0,0.0,0.0
157,0.13084893409556209,0.09702885006226428,0.03548817510878991,0.19041516581421786,0.7253433378858845,0.5458314295012189,0.0009149334047135886,0.0008790345226892161,0.34441087613293053,0.20204593707778418,0.18405966494128126,0.07022846653380849,0.4660578011493756,0.1856577892773705,0.32543585158694677,0.3030876893021345,0.19744318181818188,0.4204183884062669,0.0875912408759124,0.6265312219898416,0.580968280467446,0.0,0.0,0.0,1.0,0.0
158,0.2269110857360707,0.05822619916329081,0.03739704920384937,0.20576025520038857,0.38045746424956955,0.5527709131572152,0.0006543603891144877,0.040215558058222196,0.16012084592145015,0.07330631152287202,0.06678911337451995,0.032583778573367334,0.46113343304403387,0.28918822969489055,0.42914617791685294,0.22805068290111882,0.36499705461701526,0.3204754674146424,0.09677290111202973,0.6205557215416788,0.5542570951585976,0.0,0.0,0.0,1.0,0.0
159,0.135808446039447,0.02007003015029896,0.13127909729087753,0.22476530575721565,0.25237035981332384,0.3152477344473814,3.5933580687361805e-05,0.003989535938308492,0.5317220543806647,0.2559737502412662,0.22635943674514386,0.22916915386044204,0.480105258370597,0.27043420808520346,0.9673670093875726,0.3498087293273088,0.3623937762247071,0.4989429057335761,0.18695774181443023,0.7284135046310127,0.7322906607915708,0.0,0.0,0.0,0.0,0.0
160,1.0,0.05995634631064909,0.20590585726242705,0.19459088335076904,0.2291893676152238,0.42144305042007985,0.0003695093868450152,0.011742427120429798,0.5075528700906343,0.0062922215788457705,0.005064841097567763,1.0000000000000002,0.2064012548132998,0.1508727271036064,0.6942333482342422,0.2280355943039028,0.27272727272727276,0.9999999999999998,0.0802919708029197,0.8051986853899016,0.8380634390651086,1.0,0.0,0.0,0.0,0.0
161,0.1518576805420891,0.20261227168078016,0.10000746932704006,0.192407342053606,0.3044984523884491,0.2625811073704428,0.002467911701808429,0.004392950088340204,0.8429003021148035,0.6448948079521328,0.6213613847609506,0.1948147381761551,0.49419704746561405,0.45202287585245726,0.3911488600804649,0.6229525703660266,0.41761363636363646,0.4923312567804794,0.4957664233576642,0.6803107260233041,0.7629382303839732,0.0,0.0,0.0,1.0,0.0
162,0.18459756173557945,0.1146786136519196,0.2424770369465681,0.19960398798496298,0.18045995982078392,0.24183727450628167,0.01872192871422124,0.0004489500713869895,0.7401812688821753,0.5031461107894228,0.4935158902432236,0.207308937241194,0.45480210262288023,0.5455835001170458,0.2320071524362986,0.6318873435801018,0.71875,0.4958400311524483,0.5802919708029197,0.5766357932476844,0.7712854757929882,0.0,0.0,0.0,1.0,0.0
163,0.008488928560300443,0.0017414605803629509,0.03482192088519031,0.2434595801909035,0.14059044435260584,0.5044183818767245,0.0016615440365386662,0.025571030015821793,0.1570996978851964,0.0706427330631152,0.062113875438303545,0.010259966169669735,0.8480480698923124,0.17363851006205752,0.1470719713902548,0.29772682537368933,0.18892045454545459,0.018384659038501915,0.02414698416221652,0.4702718852703911,0.28380634390651094,0.0,0.0,1.0,0.0,0.0
164,0.22012963417785786,0.11060739397495044,0.1457841350719094,0.21108237209407524,0.15388028284199853,0.36622565358742065,0.004466191215897486,0.0007848614821565088,0.5075528700906343,0.08303416328894035,0.07341236711749317,0.41612072515385157,0.44037579451508224,0.27930987974519694,0.7478766204738488,0.2459051407320532,0.25142045454545453,0.5619833360665379,0.18978102189781024,0.6528234239617565,0.8330550918196994,0.0,0.0,0.0,1.0,0.0
165,0.00705436561686092,0.015338590847271079,0.017181849962093272,0.21115095007137194,0.26206591507948784,0.32473798785909835,0.0056253491687697265,0.0011950465807665882,0.13897280966767367,0.09280061764138196,0.08393165247398009,0.032726621759087735,0.6666283412819816,0.5457245751084806,0.6562360303978542,0.2765803185977558,0.43593307363930456,0.11928850363010471,0.051094890510948905,0.3594263519569765,0.24707846410684475,0.0,0.0,0.0,0.0,0.0
166,0.020427566885938785,0.014941812589749867,0.014726193326353318,0.19908818216831675,0.18267493290234937,0.24183727450628167,0.0021479865381808386,0.0042481758366760365,0.10876132930513593,0.07195522099980697,0.07068514498803362,0.015560954280892193,0.7214214614692394,0.2509103987771434,0.06392489941886455,0.22088777573264262,0.12642045454545459,0.10546649983854511,0.06803893234990684,0.4380041828503134,0.25208681135225375,0.0,0.0,0.0,1.0,0.0
167,0.22605421990384778,0.0036615117817283206,0.40400045772168636,0.5967082588917866,0.1339455251079095,0.34548182072325956,0.000750440750361364,0.4091303812307651,0.824773413897281,0.4546612623045744,0.3630544887849947,0.7299471955812098,0.17592481751068062,0.01995668532680564,0.4470272686633885,0.30666159858776454,0.2926136363636364,0.5352303651827104,0.1678832116788321,0.9064834179862564,0.9649415692821369,0.0,0.0,1.0,0.0,0.0
168,0.006335285643327536,0.0072260512805594,0.0037150596976011484,0.2099987896924697,0.2174857391274952,0.15893656115346494,0.0010232691189510656,0.005404509131296084,0.12084592145015105,0.053812005404362095,0.04224411420938386,0.006270169966964341,0.8213157858918859,0.3819117056586575,0.06392489941886455,0.370991965729106,0.4772727272727273,0.09697384894411902,0.11293265892899144,0.042426053181954027,0.10851419031719534,0.0,0.0,0.0,0.0,0.0
169,0.10263465623642533,0.10495956659854362,0.05197245179334694,0.1929400847776645,0.2779187754096637,0.33167747151509475,0.0008320154116323775,0.01590263231221743,0.377643504531722,0.2751978382551631,0.2722212945956476,0.05703078477490653,0.4695752069389054,0.1363078969439436,0.3522574877067501,0.25841382323175843,0.15767045454545459,0.4796524837860771,0.0875912408759124,0.5987451449058856,0.5342237061769618,0.0,0.0,0.0,1.0,0.0
170,0.4940858387112738,1.0,0.29557630523183925,0.23512419596772124,0.4732006759312663,0.13132786273713537,4.2501422538481926e-06,0.028765160399378452,0.6356475758819246,0.3329689104628911,0.3108822249110252,0.48334155526635453,0.39273683561477896,0.09238218198631701,0.20786767992847566,0.5937605721857854,0.2426922354943598,0.6328278124250646,0.2700729927007299,0.9468180460113533,0.9777121975677227,0.0,0.0,0.0,0.0,0.0
171,0.00509986381790089,0.004965788986696211,0.0031398610441153523,0.20974754889291,0.23079064905587798,0.22109344164212053,0.0020388482373895848,0.0012075547453159379,0.051359516616314216,0.061262304574406484,0.05398786664440362,0.005591706539640749,0.7519373071428354,0.4439971040869891,0.22619579794367456,0.27400800792164515,0.39670078106406814,0.0463396348993211,0.05839416058394161,0.12309530923214806,0.1909771704598594,0.0,0.0,0.0,0.0,0.0
172,0.1128926919883503,0.08888237019653857,0.12976756002776005,0.20890828906988265,0.156095255923564,0.31787312230692993,0.0008728625257292109,0.004142890170613949,0.7885196374622357,0.6262111561474618,0.6018638794520749,0.1151383761647882,0.3831974657811293,0.558168629572729,0.40634778721502013,0.8874218575026526,0.4616477272727274,0.5175530830112651,0.4021167883211679,0.678816850911264,0.7228714524207013,1.0,0.0,0.0,0.0,0.0
173,0.0054620156416962835,0.0034691834206487925,0.004496866348873174,0.21008599312568482,0.2628876382410934,0.20042422688178724,0.0014359474247922516,0.014089551057864374,0.1238670694864048,0.08867014089944027,0.08382033728502254,0.007814689326176467,0.6406014435828514,0.3122330620869487,0.4219937416182387,0.22074985898123006,0.3641659961179209,0.1448641092690875,0.10005735106431654,0.13654018524051392,0.056761268781302165,0.0,0.0,0.0,0.0,0.0
174,0.0951625112492279,0.05524106905477075,0.019175937310771458,0.20875936026051053,0.30487522631726044,0.3470101012920265,2.801252864294909e-05,0.010993953026053214,0.10876132930513593,0.06724570546226596,0.09105582456726219,0.02056750946640343,0.6813230354685996,0.29570403396961775,0.06392489941886455,0.266959072332563,0.35043046786038773,0.21527583252083085,0.2043795620437956,0.5112040633403048,0.39232053422370616,0.0,0.0,0.0,0.0,0.0
175,0.1903976498965346,0.14319492964256822,0.07547976143905501,0.2134910494373137,0.35396720449582886,0.4145781848679114,7.515589320114152e-05,0.00017961104053301736,0.4380664652567976,0.2234703725149585,0.20610007235487282,0.11271512481341543,0.49014025141975837,0.2774123435966682,0.5163164953062136,0.34597460072969544,0.5,0.3570291134537419,0.21897810218978103,0.5497460412309532,0.6110183639398997,0.0,0.0,0.0,0.0,0.0
176,0.04248327049650564,0.007036955328909781,0.07048490634621267,0.1927346422903521,0.28677866773592553,0.19691717600187514,0.0007003175779571716,0.005840124052047816,0.7885196374622357,0.5375796178343949,0.48093727389102237,0.25365791736028476,0.459022989570316,0.3233702350371369,0.28162717925793473,0.6265264796516566,0.42613636363636376,0.5125179495578469,0.41751824817518246,0.7248282043621157,0.8363939899833056,0.0,0.0,0.0,1.0,0.0
177,0.06263416594421116,0.05357395389129568,0.08799356728405254,0.19347194766237694,0.25798401767557466,0.283324940234604,0.00026660383262379686,0.005296949253497751,0.8882175226586103,0.6916811426365567,0.6903768019146213,0.26437126809384287,0.46246777951973295,0.1149110064847988,0.2798390701832812,0.5729178403672055,0.2457386363636364,0.5317250424115967,0.32116788321167883,0.8377651628323868,0.9048414023372285,0.0,0.0,0.0,1.0,0.0
178,0.21280292727362707,0.47074548250579606,0.22586496348178128,0.19812321836549068,0.18931985214704572,0.21422857608995205,0.0012955385250064313,0.0012705090611056403,0.782477341389728,0.7273113298591005,0.7183725719374409,0.39809329417078704,0.45761602725450407,0.08466359815641342,0.1698703620920876,0.5496874300106099,0.15909090909090912,0.586345579574242,0.15474452554744528,0.88198386614879,0.9666110183639399,0.0,0.0,0.0,1.0,0.0
179,0.10818579508901326,0.07585495209165175,0.04123201399665203,0.2116558844088953,0.31279346849027234,0.42144305042007985,0.00014873445237435995,0.004101592552948947,0.19335347432024164,0.07793862188766647,0.07341236711749317,0.06087098651843795,0.6722176231967185,0.3938720744379868,0.13187304425569957,0.24411818608923813,0.125,0.12282710816944892,0.14598540145985403,0.20645354048401532,0.39065108514190316,0.0,0.0,0.0,0.0,0.0
180,0.35629010544490125,0.4145177204725458,0.1918116392084832,0.22474510919058766,0.3842099182279043,0.3747037230453724,5.397574181114884e-06,0.062486603471491174,0.5671347623691748,0.3090251819406392,0.28155339116721,0.30673995539515336,0.43427580952605294,0.18417520570744836,0.37223446896281365,0.4403656590257093,0.32386045496688926,0.48868026612992194,0.226266641016616,0.7669554825216611,0.775400924943188,0.0,0.0,0.0,0.0,0.0
181,0.03347612139451936,0.058369908137549394,0.1181004275722029,0.22718386638278937,0.2230191952201989,0.2072890924339557,1.2512319241753992e-05,0.010762035115586554,0.6374622356495468,0.28805249951746764,0.28162742806255914,0.22120996408838545,0.46183691420193984,0.25312574122505804,0.4273580688421994,0.3406137368012503,0.3977272727272728,0.45695434942509927,0.25547445255474455,0.6011353450851509,0.7395659432387313,0.0,0.0,0.0,0.0,0.0
182,0.005425976872870436,0.00916711314321917,0.028613222012781468,0.21375324545334262,0.2980641167417988,0.33854233706726317,0.002245067566806145,0.01844145569136643,0.19939577039274925,0.11123224394096452,0.11415372627595036,0.05418200177023842,0.5349195909966079,0.46026723634091793,0.3000728994618631,0.23576427015297918,0.4235681933532026,0.3721432440543651,0.1021897810218978,0.5802210935165819,0.30383973288814703,0.0,0.0,0.0,0.0,0.0
183,0.4076339872395724,0.12516131743311135,0.17473339756851555,0.21971640378739477,0.32030631716549207,0.39802879823948584,4.8633717498605785e-06,0.0019214504839755162,0.5497306679462973,0.30999014539168274,0.28576655321567956,0.2662642007999824,0.45399466564996976,0.24420512237056866,0.36732601434141104,0.43358098748114254,0.3506363722959777,0.5475693703011465,0.21981903103826292,0.8048999103674932,0.760591938637266,0.0,0.0,0.0,0.0,0.0
184,0.0016013539396583169,0.004114049101915445,0.004857883107977913,0.2101608635614697,0.2733484362779962,0.4283825340760762,0.002107180990267417,0.0006045268287983225,0.048338368580060354,0.05180467091295114,0.051204986920465295,0.009519837391493704,0.7242353861008632,0.31257412250580197,0.22843093428699152,0.2655994978126387,0.34465604514166126,0.024823846995702496,0.03536625897614198,0.02868240215118023,0.08347245409015025,0.0,0.0,0.0,0.0,0.0
185,0.004864683931062166,0.00461749687062362,0.014740900925108276,0.2061605507920383,0.16052520208669488,0.2901898057867724,0.001061981091101846,0.007403024381152099,0.1299093655589123,0.06543138390272146,0.055601936884287856,0.006609995531258997,0.8002113511547071,0.3110827583106348,0.23066607063030847,0.22982254894671783,0.09232954545454546,0.04979245508619635,0.0437956204379562,0.23184941738870624,0.24874791318864775,0.0,0.0,0.0,1.0,0.0
186,0.0010990564395071051,0.0006149658940400026,0.017669183837220433,0.3221557107028925,0.13616049818947493,0.2625811073704428,0.008954583520492344,0.006977436666691993,0.7552870090634441,0.39486585601235275,0.3542049312628708,0.13430674656046268,0.45480210262288023,0.04726942377842236,0.27045149754135,0.24769209537486822,0.44176136363636365,0.4797597142266633,0.14598540145985403,0.7131759784881986,0.6694490818030051,0.0,0.0,0.0,1.0,0.0
187,0.02339417844437154,0.006371078986348727,0.011943946161248492,0.21051064241127732,0.28077873859331864,0.2072890924339557,0.0012234868816201458,0.0033153872184028387,0.24773413897280971,0.08963520555877243,0.09066622140591082,0.0192275665933573,0.48786571704446036,0.5400040617195337,0.2735806884219938,0.2431701777387014,0.44817408959785054,0.38343460944809066,0.3430656934306569,0.5324170899312817,0.4941569282136896,0.0,0.0,0.0,0.0,0.0
188,0.00041413654500699234,0.03934481497383461,0.02642044097274998,0.21403930292624196,0.21810373289974233,0.15893656115346494,0.0001690400461337425,0.004498752620705985,0.08761329305135945,0.09310943833236825,0.07630656203038903,0.05081827154327059,0.6672534123104804,0.39683309898348496,0.26240500670540906,0.32631809965873,1.0,0.14470747957106056,0.4233576642335766,0.48461308634598144,0.45242070116861444,0.0,0.0,0.0,0.0,0.0
189,0.07410388787979318,0.04381611792476082,0.1323890644429031,0.22763538235844133,0.32702312278173506,0.5389665639490504,0.0001794378782304596,0.013787356964357364,0.6374622356495468,0.34240494113105574,0.29459564757611173,0.2416855358309433,0.38609890079455184,0.23114129668070701,0.4461332141260617,0.33795262228614936,0.35514806912733876,0.47318112669670065,0.2116788321167883,0.6044218703316404,0.7178631051752923,0.0,0.0,0.0,0.0,0.0
190,0.035621905889555036,0.01805139046132139,0.048601810611740466,0.21573579163069145,0.24072753662767393,0.11744889542514265,0.001516114865489675,0.003829514130685407,0.5317220543806647,0.264697934761629,0.2531863972839094,0.08762083919447072,0.4681682446230935,0.37147835739101187,0.3366115333035315,0.23339645823234792,0.8252840909090909,0.41551259574944877,0.1605839416058394,0.699731102479833,0.6360601001669449,0.0,0.0,0.0,0.0,0.0
191,0.08649293062777565,0.07845300117094031,0.09802488501487171,0.2056260483892876,0.16274017516826034,0.4594982833723179,0.0108198132736198,0.005415570070195096,0.49848942598187307,0.2705655278903686,0.2524071909612067,0.21043419202651387,0.4555055837807862,0.14249349272223574,0.4979883772910148,0.4657005617983031,0.47443181818181823,0.45919498734327496,0.1978102189781022,0.729309829698237,0.729549248747913,0.0,0.0,0.0,1.0,0.0
192,0.00042201787779535296,0.0001697014950701715,0.009429987014692911,0.25549468264625524,0.13837547127104038,0.0829007133528167,0.003055366700256932,0.01841464355237081,0.8187311178247735,0.4929425137769803,0.4356319919853064,0.24851533091718794,0.4799376649019342,0.03811660235610739,0.2953151365902449,0.4653365906229747,0.2777498726959482,0.5027346301885224,0.3191415583644386,0.8120705109052881,0.8098597826168578,1.0,0.0,0.0,0.0,0.0
193,0.00012280216205119937,0.000216571431803838,0.008451299786595718,0.20965521147259827,0.20351951773703825,0.0,0.007663239587871188,0.00333699222989717,0.0785498489425982,0.07581547963713568,0.07502643735737742,0.01739045478298053,0.7995078699968011,0.21381077657907097,0.21278497988377293,0.2727094603742788,0.26988636363636365,0.25073157770065385,0.0437956204379562,0.363907977293098,0.3071786310517528,0.0,0.0,0.0,0.0,0.0
194,0.003999249440517015,0.0012574072682342233,0.014349678798226392,0.193299939070216,0.2624139638387055,0.48367454901256335,0.005868040643188348,0.011041401352732154,0.039274924471299044,0.0395290484462459,0.0435242388823955,0.008913977251734605,0.746746783153854,0.20767944041286915,0.06750111756817166,0.2744964150170938,0.12784090909090906,0.1074127323351844,0.029197080291970802,0.3014639976097997,0.27045075125208684,0.0,0.0,1.0,0.0,0.0
195,0.10939514436585515,0.07622667917609116,0.04534153089467408,0.191222418414257,0.4307519180376797,0.3765975700195012,0.0056105303112206914,0.0039929472559128605,0.794561933534743,0.5913144180660104,0.5903601046362775,0.062207635458066596,0.45480210262288023,0.7138689118777394,0.2735806884219938,0.4549788339414128,0.5639204545454546,0.45884280535496585,0.635036496350365,0.5610994920824619,0.6627712854757929,0.0,0.0,0.0,1.0,0.0
196,0.013421909738578026,0.01109847777758922,0.05710393299895182,0.22169785376450804,0.1472353635973022,0.2625811073704428,0.0004455430449440054,0.001013781568061756,0.6193353474320241,0.5215595444894807,0.5473924416986697,0.17106238211072503,0.45480210262288023,0.1260962379485526,0.26553419758605273,0.463913607155488,0.17329545454545453,0.45069567597203264,0.1970802919708029,0.7358828801912161,0.7512520868113522,0.0,0.0,0.0,1.0,0.0
197,0.5005736418905667,0.5051213486905105,0.2700802582898734,0.19462365736641096,0.2291893676152238,0.40420626843583085,0.04246445403680202,0.0018333764658263764,0.700906344410876,0.5508203049604323,0.5123838147715256,0.460670830611323,0.4625403953598458,0.11118414627151202,0.43808672329012066,0.5550482939390551,0.24005681818181823,0.6001444431369165,0.1948905109489051,0.7642665073199879,0.9515859766277129,0.0,0.0,0.0,1.0,0.0
198,0.038944048035806915,0.011304543878745856,0.028150824521988582,0.2117632485697936,0.30438111348341274,0.4076387012119151,0.004293682830971967,0.003928028848169128,0.39577039274924464,0.12835359969117927,0.1306283742416653,0.04809197831748978,0.5543939554388337,1.0,0.29414394278050965,0.23697036751797798,0.24147727272727276,0.3465276533718494,0.2846715328467153,0.5509411413205854,0.5943238731218697,0.0,0.0,0.0,0.0,0.0
199,0.3397671432734658,0.22070801611636742,0.14523061546503985,0.21803338666525335,0.34817033571723965,0.3858835379100984,0.0,0.019295071676688015,0.5053131582480027,0.3007324680114985,0.280352004978189,0.22085154219287692,0.48110948625382355,0.2505739070456684,0.354565828567379,0.41922280617734076,0.3452172832250141,0.45491156039919484,0.20300490775454508,0.6525246489393486,0.6707814479285453,0.0,0.0,0.0,0.0,0.0
200,0.013143749095021381,0.045697363509651215,0.046264855071120235,0.2166743653996082,0.2692438464466826,0.305476020396285,1.4129679964814277e-05,0.01455753944348902,0.5045317220543807,0.2540050183362285,0.23966160182556911,0.08657029804335196,0.5551650149314209,0.26867034495160824,0.47518998658918193,0.34011493412715516,0.35186986728337644,0.3330111751358893,0.18248175182481752,0.5751419181356439,0.6160267111853089,0.0,0.0,0.0,0.0,0.0
201,0.06045339657950157,0.01777905996685164,0.07702129994918043,0.218717050228162,0.32011010627249425,0.5941839607817095,0.0036479629480888455,0.001866714342414519,0.41993957703927487,0.21115614746187994,0.1886235876885401,0.13832612796148697,0.5426623627817431,0.19452846071681598,0.24497094322753687,0.31141153990706755,0.32483237745307664,0.3403988346955198,0.051094890510948905,0.5610994920824619,0.6794657762938229,0.0,0.0,0.0,0.0,0.0
202,0.05372493781995004,0.026657680568451518,0.10996777812499846,0.2250039031680206,0.23967826157251831,0.2939085486316641,3.77533841185199e-06,0.010742342509415881,0.5344367677115819,0.30616873377767184,0.2796988430349261,0.20211329147587548,0.5028216723487803,0.2782943715068513,0.5668305766651766,0.37451537004672086,0.3638856282610598,0.45821016687291677,0.22243334334658288,0.7705407827905586,0.7200744851120665,0.0,0.0,0.0,0.0,0.0
203,0.28910238492795914,0.15470715582718572,0.17496779153858208,0.22497720209033453,0.2864792866118665,0.3545565743084594,1.3292711506240048e-05,0.01583383740719601,0.8187311178247735,0.6738853503184713,0.5717704680803697,0.2867086198317382,0.4229217038824999,0.30121836083262155,0.5037997317836388,0.5835768343149217,0.37403016654709925,0.585666740347667,0.3311694216636097,0.8156558111741856,0.8588421176792506,0.0,0.0,0.0,0.0,0.0
204,0.00018507385541969933,0.00022303625066365403,0.023886822858192835,0.37768677103146975,0.1339455251079095,0.32473798785909835,0.012487530144976484,0.015918965287414103,0.5287009063444109,0.2318471337579618,0.2333166360549897,0.04739345802462383,0.4681682446230935,0.2574928648610102,0.2239606616003576,0.23160950358953286,0.5426136363636364,0.45390109347930413,0.18248175182481752,0.6608903495667762,0.5676126878130218,0.0,0.0,1.0,0.0,0.0
205,0.18508501300419913,0.26124737063695436,0.05729610351349232,0.21080887233416656,0.36998044016234766,0.37309051913958907,0.0002478531220216675,0.008684284261374535,0.4616760194065058,0.30007079038903034,0.2860813282039432,0.07856069042220487,0.45831950841241004,0.30243975680383384,0.30417692442404887,0.4025042712614947,0.34631250711712075,0.3865741771308584,0.18927257893864033,0.6124436986197286,0.6066132528664264,0.0,0.0,0.0,0.0,0.0
206,0.0014907632612588505,0.01586304927727366,0.003462588296454835,0.20958861027503592,0.2786786785953929,0.2763854565786076,0.003826290213819937,0.0027585671494353005,0.1570996978851964,0.06863539857170428,0.058830077364056335,0.007034285116684368,0.586353079151295,0.6443452957691457,0.19490388913723733,0.3495485100153255,0.3053977272727273,0.2592510362052265,0.0437956204379562,0.38362712877203475,0.1636060100166945,0.0,0.0,0.0,0.0,0.0
207,0.2604236353838851,0.22793900766646708,0.05871515044255747,0.19216406647441162,0.32221823704097263,0.23489779085028534,0.007608648948785063,0.002409475647921631,0.36858006042296076,0.16213086276780542,0.14064674124784327,0.10005332215976076,0.5870565603092008,0.18759873311557143,0.20250335270451497,0.3584832832294007,0.36221590909090917,0.22949995046458865,0.16204379562043794,0.3241708993128172,0.5759599332220368,1.0,0.0,0.0,0.0,0.0
208,0.01832086830292911,0.01452563987564921,0.012812734728333271,0.19714219749459844,0.19596477139174207,0.26944597292261124,0.0023583866045882047,0.001181452996979485,0.0785498489425982,0.05157305539471144,0.056548115990426875,0.02604194940311862,0.8586002872609018,0.24049255325580934,0.13187304425569957,0.26913555108864873,0.24147727272727276,0.06835940587369478,0.1386861313868613,0.31700029877502245,0.39065108514190316,0.0,0.0,0.0,1.0,0.0
209,0.012009661964138102,0.012328409565669225,0.012489167555724193,0.19723875986283199,0.19596477139174207,0.5112832474288929,0.0019066713662796275,0.0022014369606855465,0.13595166163141992,0.06477513993437559,0.07547169811320754,0.010651832441821225,0.6046435892568499,0.354200546626835,0.037103263299061245,0.2423312314464231,0.32670454545454547,0.19088626880950238,0.1167883211678832,0.2452942933970721,0.30217028380634403,0.0,0.0,0.0,1.0,0.0
210,0.10013723599826245,0.10518260284920729,0.00403159610673749,0.0,0.0,1.0,0.9999999999999999,0.0029930693914204222,0.4773413897280966,0.29152673229106346,0.26877052373796406,0.1273536745332333,0.5244467372555703,0.23827721080789463,0.33616450603486814,0.3287126188801021,0.38259943181818185,0.31601883145155435,0.19014598540145985,0.5766357932476844,0.4106174125114347,0.0,0.0,0.0,0.0,0.0
211,0.12797595077415452,0.10771676673335943,0.09869472037809238,0.2180076173843722,0.28409045654326837,0.33262594112365085,0.009456183983592674,0.018599428450708878,0.4765194930096943,0.2977742608677718,0.2807225092654973,0.16891302368257297,0.5235655321292937,0.2705204946030948,0.31637811411428374,0.3799263722727303,0.3556436586068649,0.38477235689023037,0.20783955509215643,0.6050993298852831,0.6132259458264891,0.0,0.0,0.0,0.0,0.0
