total_cases_per_million,total_deaths_per_million,total_tests_per_thousand,stringency_index,population,population_density,median_age,aged_70_older,gdp_per_capita,extreme_poverty,cardiovasc_death_rate,diabetes_prevalence,female_smokers,male_smokers,handwashing_facilities,hospital_beds_per_thousand,life_expectancy,human_development_index
1.7006906705181335,0.40858463296394976,0.4680527167173184,1.058143915609695,7.361586146858984e-05,0.03021926037155554,0.7885196374622357,0.3854844993599377,0.3037001536710243,0.3458483474846446,0.3022996579778919,0.47518998658918193,0.4893616768698685,0.3564760658840144,0.6902441401206497,0.30020503911214924,0.6874813265610995,0.7661548039429356
0.04607665420927322,0.060395953993116584,0.01350588054829609,0.5116162250408138,0.02704572423743687,0.002805808729592761,0.10574018126888218,0.04513830912227973,0.009828022274214195,0.6249026980117891,0.8307973264351417,0.3844434510505141,0.20498104388298857,0.5505986656274745,0.34794867348716924,0.029197080291970802,0.34508515088138614,0.23701037800150082
0.006787064716739402,0.008814780515359196,0.04598379241299661,1.6744945372347106,0.022833971109465345,0.001227712531159931,0.051359516616314216,0.046529748984248887,0.044362789870440913,0.6644959643646801,0.40445143065577055,0.13187304425569957,0.15888747505847034,0.34374150771114564,0.2980379730063772,0.05678759229709334,0.23513594263519555,0.3736205264329213
0.009018260864783821,0.08111309759159042,0.20859354750906733,0.937289822654854,9.86088622576796e-06,0.018795441900372734,0.5302330322698052,0.37167090627241345,0.19955606197780035,0.4670748456344851,0.36102660051657853,0.2908687205388636,0.36531427361539187,0.3500964284274994,0.5578077971168361,0.25082306792024806,0.854496564087242,0.7360062596429262
0.21718103054841248,0.21720821646152985,0.11890808260849281,0.8838377495918626,0.0019988502024630727,0.00541334754508922,0.6918429003021148,0.45177269438414863,0.09582672396562751,0.4187305187850272,0.44184157149204056,0.40634778721502013,0.2825266779411101,0.6178977272727274,0.5926429789912296,0.20364963503649636,0.7556020316701519,0.7093852286017142
1.215599540316683,1.1085014792313652,0.433979101978073,1.0465904809745072,5.3119419240281485e-05,0.008456863087749995,0.5564420920735068,0.4554168358388466,0.3130345426910524,0.3871039278575419,0.1827537963047286,0.31202503352704514,0.7083441780248416,0.42755681818181823,0.6642648128558928,0.24701910970686686,0.909769943232746,0.8295363230052528
0.4362324571612906,0.06833313534825573,1.4697941165393984,1.116413412030642,0.006871002020036552,0.005804667023614537,0.5709969788519637,0.0,0.5730605010425341,0.4053228531046461,0.45996549588674407,0.727313366115333,0.16780872129754776,0.421875,0.723981409430446,0.0802919708029197,0.7376755303256646,0.8377658500191938
0.7612437293000461,0.6055321071188159,0.23034124951872184,2.0,0.031400157642867875,0.0008290535511221865,0.5075528700906343,0.38487226582067124,0.15715130145631417,0.41493137184898166,0.2915332053302351,0.2016092981671882,0.4594645432727063,0.2840909090909091,0.5545366197088111,0.35766423357664234,0.6988347774126082,0.7752214447132422
0.7785770253650616,0.5229214193186564,0.14197336023525806,1.4625341920984538,0.0020582072766413477,0.005313075482172945,0.622356495468278,0.3921077531029109,0.06988935479842676,0.42404932449549104,0.4907409688237379,0.2735806884219938,0.17364183773705094,0.6306818181818182,0.6014970135852695,0.29927007299270075,0.6516283238721243,0.6600080665180681
0.04711428665690359,0.04937667024656011,0.19061117861434376,0.9725667074693098,6.747547448463034e-05,0.01197620574958975,0.513595166163142,0.22847442533533702,0.17914270179599354,0.47758001661177246,0.2921694354354064,0.5444792132320071,0.3006782119935327,0.31614580956660476,0.5308858674679708,0.2700729927007299,0.7092919031968927,0.7011557015877732
0.04848568438378059,0.055765527484773335,0.45606928104552913,1.5001883712168782,0.01771601830864972,0.00015841952208163975,0.688821752265861,0.5344798797795959,0.3783075649696115,0.4141715424617725,0.1809686329198637,0.18238712561466253,0.39724463458467246,0.125,0.6431978130109356,0.272992700729927,0.90110546758291,0.962854660631097
0.2326318794412685,0.14324584009108932,0.2803928805774895,0.8140148185357279,0.0062568243674205526,0.005510415036922602,0.8851963746223565,0.7359047141982523,0.3850844330598766,0.41569120123619074,0.23063442852021215,0.2396066160035762,0.6966779451458351,0.3295454545454546,0.6647626158551103,0.5306569343065694,0.8443382133253663,0.9118315931446626
0.18166100921382788,0.09407119543389841,0.15184691262795735,1.5232952404872537,0.007043843700499839,0.006159599114359926,0.5226586102719033,0.1861746535314744,0.13060642948281978,0.3892798434667529,0.7813639739838643,0.2735806884219938,0.15030937197903826,0.4943181818181819,0.5528473667170585,0.3357664233576642,0.5891843441888258,0.6632998773236445
0.0018127523630251858,0.0,0.0005494708088691642,0.0698229310561346,0.00826080892831443,0.021859568148899666,0.07250755287009059,0.05443312740023376,0.0003524852770636624,0.9551700661546625,0.42706217195082646,0.22619579794367456,0.23832405566242248,0.3477735569338436,0.205620758255804,0.051094890510948905,0.2479832685987451,0.10369204037565671
0.496362994026683,1.3973204942030777,0.4366209275663965,0.9303026497551175,0.008051568189909342,0.019404556579622763,0.8066465256797583,0.6858685367618411,0.36119171930939886,0.4118920543001452,0.1904084812652765,0.1475189986589182,0.6325136643113004,0.3366477272727273,0.6281779254972156,0.40437956204379555,0.8470271885270391,0.9249988363669683
0.008763858773847904,0.00533024314991834,0.013007748356405741,0.9767675499183726,0.00842228554311992,0.00511558086753218,0.11178247734138969,0.07881115378193354,0.012066254331565444,0.787247771581448,0.35105990343745624,0.0,0.15614248841854142,0.0653409090909091,0.22764866260985145,0.029197080291970802,0.2536599940244997,0.26499076984890024
0.18509218410060246,0.06150143801814513,0.2190712717606482,1.0398864631318572,1.7655523199409242e-05,0.019002680320806348,0.5080033560757437,0.32456033084610625,0.19452348002893682,0.4694844692499853,0.3759827181335384,0.3118443663786736,0.3427564931411054,0.36029774065981207,0.5409454717934454,0.23573849771759414,0.7322975799223186,0.674123479029654
0.004362088589846277,0.004349206887941254,0.009197643594184318,0.6977269873163381,0.014522431384953271,0.003618787738670123,0.07552870090634445,0.04630711860633384,0.008960376131074813,0.7424178377361101,0.39515768943263085,0.06392489941886455,0.175586209883552,0.23011363636363635,0.23144083097339835,0.021897810218978103,0.2479832685987451,0.11356747279238577
0.10098631214110151,0.051395309935537675,0.030673315842933355,1.8023358030892882,0.11442086175565189,0.06537836706738794,0.37462235649546827,0.1522791784939055,0.024620595632605508,0.522827144832676,0.43361706875462724,0.3303531515422441,0.16391997700454564,0.5255681818181819,0.3347166180808737,0.051094890510948905,0.5769345682700928,0.4180599723082028
0.13723893085138555,0.191759457019864,0.12517960702329223,0.6746201180459626,0.004827016707817206,0.003361853499104762,0.8942598187311178,0.7094116992263595,0.15396401235835658,0.42176983633386367,0.6018859849835037,0.21546714349575324,0.7297322716363532,0.5213068181818182,0.5835496669002705,0.5367883211678831,0.6504332237824917,0.7554705798797836
1.908142379026124,0.2392193084744886,1.257172609617238,1.3954539746326762,0.0011816486232469722,0.10005342846981266,0.5226586102719033,0.04792118884621806,0.36662824891059387,0.3716521430619768,0.23927600067938704,0.6942333482342422,0.25724984003659634,0.42471590909090917,0.6263748075449995,0.1386861313868613,0.7173588288019124,0.8097854581717943
0.4802717868447727,0.39441375002323287,0.284737763393348,1.1758226842414683,0.0002726552758087897,0.002034385771332248,0.580060422960725,0.26014359659375524,0.23269624532872082,0.445385180738533,0.351200697573465,0.5444792132320071,0.20475179208106786,0.1803977272727273,0.5741247784107538,0.2043795620437956,0.6166716462503734,0.7455951474630547
0.3834467725942232,0.41810084632559896,0.13287753610623254,0.8140148185357279,0.0022788533774280467,0.0035332463654090744,0.8277945619335346,0.566872599766238,0.09505668317589537,0.4118920543001452,0.4756321641341261,0.40634778721502013,0.7316766437828544,0.5681818181818182,0.6155532576026448,0.2481751824817518,0.7206453540484019,0.6814048367543148
0.381153075644299,0.14233914924600008,0.18138005948943597,0.0698229310561346,0.006564553077911877,0.00241485105748003,0.7613293051359514,0.5155006400623365,0.14196360229374733,0.46982954436523366,0.6263801799093173,0.18730442556995974,0.34863533092214605,0.5454545454545455,0.5921076586872017,0.7956204379562043,0.6426650731998809,0.7472410528658426
0.2294125382840322,0.10961100376818128,0.08434275316277103,1.5348486751224413,0.0002756935098301582,0.0008419235220841206,0.2990936555891238,0.09756776312127788,0.06160534446287212,0.40992957974444166,0.2728381349121,0.7206079570853822,0.13331425635152835,0.3065197005331308,0.5836621124930537,0.0875912408759124,0.6375858978189424,0.5826505125870227
0.13303854704880747,0.23344622523267286,0.4604758909876666,0.5814391560969484,4.2703410905418294e-05,0.06764141449147358,0.6389985266146766,0.3734609549381685,0.4300868652383896,0.3781782349659659,0.22314843087356143,0.5368797496647295,0.3762127319602589,0.30785715225594756,0.6260949420919767,0.29036410451550343,0.8757095906782193,0.868030905320301
0.5310095162511249,1.1026685964150962,0.05099966894601054,1.8372472686173555,0.008109521131694023,0.0005202259346661351,0.31117824773413894,0.21522791784939055,0.05353363372630046,0.46432028201757414,0.30915505252294534,0.2637460885113992,0.38563305894303285,0.26420321687155934,0.2922686527288195,0.072992700729927,0.5446668658500151,0.5579619315451998
1.036954515545471,1.0944097903216812,0.20864275902699292,1.4768303403239984,0.14767957238839718,0.0012871521560845268,0.5558912386706948,0.2523515333667279,0.1156077057745147,0.4362065946908369,0.2741716944644842,0.3182834152883326,0.3408578423361418,0.14488636363636365,0.5550040387931098,0.15328467153284672,0.6752315506423661,0.6665916881292211
0.030150909194216206,0.03923336945550872,0.14916175062131376,0.5814391560969484,0.0001990949960282194,0.034336772406658216,0.7462235649546826,0.49796849780152497,0.1403304047427137,0.3614680494894699,0.26366393587991116,0.5623603039785426,0.18141932632305516,0.0965909090909091,0.5763930391691051,0.4160583941605839,0.7741260830594561,0.7340738096435373
0.015147096828588343,0.010946554534383543,0.6378632700779963,0.6746201180459626,0.0003033884754280982,0.004197471252283838,0.5226586102719033,0.10330049535259084,0.6118976789035863,0.3761280818261566,0.3051517173726605,0.5274921770227983,0.18336369846955622,0.3295454545454546,0.7049376941582375,0.18978102189781024,0.6746340005975502,0.8213067959913116
0.01660156930165893,0.08679393797537473,0.07327569126429177,1.5815647369082004,0.0005355316483816403,0.001088055255902316,0.40785498489425986,0.136416764067457,0.06921007348481643,0.42176983633386367,0.32611277643259573,0.3915958873491283,0.19264275099401784,0.32758277840580324,0.5373814449113339,0.1167883211678832,0.5527337914550343,0.4246435939193556
0.06166198979825622,0.01086089568449098,0.14078064796853762,1.3954539746326762,0.0016332790187920053,0.0002019396648525176,0.32326283987915405,0.09550843212556354,0.1302620285332037,0.5358635162603165,0.35308415120422276,0.17076441662941438,0.25530546789009534,0.37926136363636365,0.4418414227220705,0.12408759124087591,0.48730206154765465,0.5974636612121167
0.045669620028116205,0.02061145872980855,0.003800718082986383,1.209343212357152,0.003355018378380421,0.0003794832401707664,0.09667673716012082,0.09600935047587242,0.0,0.711314633509762,0.6165484988268991,0.22843093428699152,0.2113731804353337,0.43862344067883996,0.2527256144486035,0.0656934306569343,0.0,0.021396770236246754
0.1925988328296001,0.3979823300338514,0.2997882893556808,1.314077608941354,0.026221597874664635,0.00020157785843993314,0.794561933534743,0.5716591528914121,0.37287972172024847,0.4141715424617725,0.17805711644692926,0.2852033974072419,0.3778009131196619,0.12642045454545459,0.6575650965476812,0.17518248175182483,0.8709291903196896,0.9414578903948503
0.2813203248575403,0.33264402202240545,0.2504938314069838,0.8722843149566748,0.006012416400234397,0.011066417681830852,0.8459214501510574,0.674458729893694,0.48806053200378824,0.3564601541121178,0.17027359156946772,0.2056325435851587,0.5839043606487739,0.30113636363636365,0.7184110462948105,0.32335766423357665,0.9112638183447865,0.971084187645038
1.1096482176274256,1.0770679137302246,0.270712824422041,1.8955167650383022,0.013280827489610713,0.0012479736902646626,0.6132930513595166,0.3568764957978516,0.19011755472143646,0.42025017755944544,0.20780187004861422,0.33392936969155124,0.8094515296428966,0.48011363636363646,0.5926317146957415,0.14671532846715327,0.803704810277861,0.8048477419634297
0.002737159384376266,0.005186400930287434,0.10518280408457137,1.1513248775587093,0.9999999999999999,0.007625690384782671,0.7129909365558912,0.30071798296877605,0.12597336162503928,0.41569120123619074,0.385662054731441,0.3911488600804649,0.18141932632305516,0.578125,0.6415047550617372,0.3094890510948905,0.7060053779504032,0.6550703503097035
0.03411773978038575,0.007216354052269675,0.022278639371450495,0.604797186989828,0.01832630107447775,0.00394172580521697,0.10876132930513593,0.05877441976957755,0.025283011663104402,0.6246442827186973,0.4412372193044561,0.06392489941886455,0.21660198723922597,0.3559822136050142,0.2651019549035048,0.13169084071936638,0.13444876008365703,0.22713494558477165
0.03582432325927936,0.025312998245609775,0.026747997788842057,1.116413412030642,0.018442737068396598,0.002622993117976853,0.11178247734138969,0.07753102910892191,0.023252641424988278,0.5912117896814963,0.3627657404246693,0.27760393383996423,0.22506782698625222,0.3174020185109922,0.1902674305226313,0.0875912408759124,0.17956378846728405,0.33247289136321645
0.005308535849983412,0.0047726525232592056,0.0,0.7906567876428483,0.062224113126688005,0.001847383542656433,0.05740181268882172,0.06784660766961652,0.0012633309699576073,0.9962008530639546,0.4614385213285709,0.22843093428699152,0.23027942132676427,0.3571340344577687,0.19809046668353505,0.056946567938719946,0.2210935165820136,0.16952825648718461
0.042113718467795595,0.02593200465143717,0.04123253640409402,1.209343212357152,0.0038332487802694095,0.0007891514724771535,0.1178247734138973,0.08554572271386432,0.03629489768853597,0.6915092687930995,0.4948372812336511,0.27760393383996423,0.17753058203005306,0.6335227272727273,0.3939681228205687,0.11475405079533049,0.33731700029877487,0.4147681615026264
0.7470082552378788,0.8256446434531183,0.11057863505257012,1.5815647369082004,0.035351395230465175,0.0022786567864571516,0.5166163141993958,0.21071965269661047,0.10831028439975932,0.44456471795013713,0.2028169606859669,0.2883325882878856,0.23586174642508476,0.08238636363636363,0.4724326801005144,0.11751824817518246,0.7173588288019124,0.6468408232957625
0.02509517167558968,0.012874686759323684,0.009203628358954299,1.0869306112109023,0.0006036074050968817,0.02259817009687573,0.16012084592145015,0.06678911337451995,0.0064730521845056815,0.5479015146105768,0.38515333629661713,0.48681269557443013,0.2300286299855816,0.22585227272727276,0.24809124242236857,0.15328467153284672,0.32984762473857154,0.2452399050154418
0.49632257928529155,0.17427858682292133,0.09393630012015551,1.5232952404872537,0.0003857223246625541,0.007000592277097401,0.3202416918429003,0.16201925752768964,0.04782923767544281,0.5372847777378464,0.279827368343022,0.06392489941886455,0.18530807061605728,0.125,0.4320686076071758,0.14598540145985403,0.5885867941440095,0.49377162083646
0.6813185378111524,0.28667592751968335,0.07288200798230933,1.3720959437397966,0.0035386811187300134,0.0049589186908830934,0.5589123867069486,0.28763844826626594,0.12783347076689996,0.42025017755944544,0.22105777077848898,0.3482342422887796,0.2689160729156027,0.13778409090909088,0.5555496244583034,0.07518248175182479,0.8066925605019422,0.7241983772268081
0.022497768483100037,0.017272379788713554,0.09478787799680426,1.7674243375612209,0.007868843390545081,0.005699536417443555,0.8459214501510574,0.5116602660433016,0.16244623328558358,0.3342842742603823,0.2914481975500034,0.32543585158694677,0.47696389259121585,0.6477272727272727,0.5616612307164187,0.3722627737226277,0.7624738571855394,0.6962179853794086
0.1093134442707293,0.009713390336873629,0.27346595950607194,0.9547178938958647,0.00011344986772999901,0.01873676531525252,0.8036253776435046,0.5310847665163911,0.2533034599535435,0.4177762994811088,0.37578129511017644,0.47518998658918193,0.45918733210603596,0.367651338593637,0.6102283417154556,0.32056562925505533,0.7648640573648042,0.7971896240324574
0.14696985665138668,0.02445640974668415,0.45378572307413506,0.8518545792031658,4.5098286887960546e-05,0.013250332874821235,0.6448776088488842,0.36244816765771215,0.42349653870380366,0.3809624188388385,0.2788780765128047,0.546714349575324,0.3846065998424736,0.3297965221800863,0.6914960274288956,0.2685835168484501,0.9154466686585003,0.9019919638034832
0.09166608625843807,0.04045845262944385,0.6595210599018703,1.1395202813010175,0.000607987242112822,0.006591079104682122,0.6706948640483382,0.44732008682584734,0.2730945326209493,0.45238752506934243,0.22530550329693985,0.3687974966472955,0.5255731962537422,0.6392045454545455,0.608076064654857,0.2408759124087591,0.8276068120705111,0.8476412824359232
0.29474649601442837,0.09871778398939121,0.20709241281028956,0.7675499183724728,0.007439729136816767,0.007083084139166667,0.8519637462235649,0.6152390493682863,0.27473525547678784,0.4112425070612171,0.3399517774049971,0.2606168976307555,0.7375097602223575,0.43465909090909094,0.6290120315301883,0.47664233576642334,0.7798028084852104,0.8789134850888989
0.15939885592373804,0.18312084281843474,0.4115180675450061,0.9652141152831848,0.05821010158064142,0.012243477315228953,0.9516616314199396,0.8588523404018479,0.38330036819811353,0.36963046801867433,0.24518669789861977,0.32722396066160037,0.6927892008528331,0.3607954545454546,0.682365581483492,0.5766423357664233,0.8380639378547952,0.9579169444227322
0.2510391903855072,0.09965033410991969,0.040491363712145734,0.7441918874795932,0.0006858731667635136,0.002126801466432402,0.31117824773413894,0.10318918016363332,0.017580539682179288,0.5813340076477778,0.3805323664930867,0.22619579794367456,0.17753058203005306,0.23863636363636365,0.391435793965502,0.09489051094890509,0.413205855990439,0.20080045914016043
0.0195863949867392,0.08772200021131422,0.08226978674185825,0.41868642471430373,4.945519645759282e-05,0.0050875150272416975,0.4884979881948257,0.3187919450581576,0.07750743156100795,0.5264093162519294,0.33980699852929,0.47518998658918193,0.3356185901587002,0.33188132962171824,0.48188761402578517,0.2700729927007299,0.6489393486704511,0.5941718504065401
0.22134530684961137,0.1812347319160834,1.0112121186495198,1.0699485118673868,0.004023693181328486,0.007049177709644462,0.8217522658610271,0.6567039572549674,0.3957989964425519,0.4118920543001452,0.19023448096511486,0.24228877961555656,0.5197400798142391,0.15767045454545459,0.6455943628918671,0.17518248175182483,0.8252166118912458,0.9463956066032151
0.4738276059260291,0.3134839151266256,0.16680146347474004,1.6978525681275904,0.007536248127604912,0.011512473301917165,0.377643504531722,0.21667501530583846,0.11988559644619848,0.4225296657210728,0.3919765389067742,0.32230666070630304,0.30974788799212494,0.16193181818181823,0.42647628344774396,0.1094890510948905,0.6214520466089035,0.6287358638650924
0.0537009272479669,0.06377382184737046,0.12238707791090347,1.6978525681275904,0.030465875322151895,0.0008895785952845356,0.42296072507552873,0.18539544720877163,0.11397696792310877,0.4141715424617725,0.4075316344426022,0.256593652212785,0.15808686056504248,0.3224431818181818,0.5550992481680959,0.1313868613138686,0.7051090528831789,0.6583621611152799
0.35578700606496055,1.0400471285294879,0.04357711601125687,1.01167901544644,0.012257326138056858,0.003452770281924208,0.392749244712991,0.21884566149051038,0.0853214414596649,0.4377262534652551,0.22434518102963527,0.2038444345105051,0.18336369846955622,0.0653409090909091,0.5411105605942518,0.1021897810218978,0.7089931281744848,0.6550703503097035
0.04606354920242745,0.09351845342138415,0.09065391226859824,1.3720959437397966,0.07109842369533789,0.005058157021191984,0.3081570996978852,0.13163021094228308,0.08504855240656668,0.42025017755944544,0.7356988570406684,0.7295485024586499,0.1483649998325372,0.6022727272727274,0.5825091491901226,0.1094890510948905,0.559008066925605,0.5628996477535644
0.004700344395914171,0.07869765741610808,0.007788000910726726,1.9535350998367451,0.002463392918906147,0.0022828434035170576,0.12688821752265866,0.09155674291757109,0.007303579224172895,0.5839370838397094,0.4510263964967584,0.22619579794367456,0.1483649998325372,0.05255681818181819,0.33302246137703717,0.0437956204379562,0.38960262922019684,0.1415478646397852
0.058615671388745835,0.002569765496776884,0.13806265194406483,1.017469874744645,0.0004144455514888557,0.018847752204669072,0.40181268882175225,0.04753158568486669,0.12751396285531033,0.5232211340257635,0.4034164887115501,0.3014009188437087,0.228569381139255,0.3663290971058051,0.44831574572812427,0.17967851461299017,0.5073199880489994,0.5207411376094935
0.7629235529048212,1.105096135896957,0.3315183427670758,1.1744317468290848,0.032483309956775404,0.004805202652165053,0.918429003021148,0.7387432515166695,0.28906734038355486,0.4179706893978181,0.1698273007232515,0.2762628520339741,0.6772342236808246,0.3366477272727273,0.6616027501373606,0.20948905109489052,0.9046907678518075,0.8838512012972632
0.1162972215552619,0.07783965148161526,0.2544985097587441,0.34886349365816904,0.0009210788907269327,0.001596910131887224,0.8338368580060423,0.7216007124172094,0.24786214260822423,0.4141715424617725,0.37725425396790324,0.1354492624050067,0.620847431432294,0.44886363636363635,0.6232461513010991,0.335036496350365,0.7606812070510904,0.8509330932414993
0.029895040808808032,0.01670670813847965,0.02951147379449757,1.7443174682908453,0.07987281297912174,0.005417792595300973,0.14199395770392753,0.08554572271386432,0.009191080475523581,0.6132468419105607,0.28037859066796167,0.28967367009387573,0.1522537441255393,0.011363636363636367,0.21379959168597168,0.0145985401459854,0.3979683298476244,0.17940368890391378
0.08248891573022381,0.10020792473657883,0.3093286303280896,0.604797186989828,0.003848968671183538,0.0009303076600154759,0.836858006042296,0.7089664384705293,0.3433644442334492,0.41767138758401645,0.24169075293659267,0.2132320071524363,0.5002963583492286,0.21164772727272735,0.6537170824782391,0.23211678832116786,0.8553928891544667,0.9315824579781211
0.0014908549046633664,0.0034699915230062693,0.030910096311032288,1.0001255808112521,0.0006222613143673421,0.002554611705998383,0.40785498489425986,0.15350364557243834,0.06916172232640112,0.4210100069466546,0.5861223547367947,0.6034868126955744,0.34280221448264286,0.3849431818181818,0.47750580905387996,0.1605839416058394,0.4230654317299072,0.6369653908790334
0.17088076643212066,0.1678152795835977,0.23654564900681677,1.018875185984558,1.857817922053373e-06,0.018986034156267366,0.5334579910122507,0.3619574724712477,0.21254789319349632,0.45587946115043065,0.3541906579347326,0.3062391906914887,0.3730983964735499,0.3472409744584895,0.5686803239652314,0.24456202777894398,0.8413504631012847,0.7381917902111925
0.39545412056239726,0.7911111973086957,0.37345887020505897,0.9652141152831848,0.04534958767923223,0.006328562709036885,0.8126888217522658,0.6986697834919575,0.32633532448598296,0.40127972828354525,0.15210450679151613,0.16897630755476084,0.7297322716363532,0.39630681818181823,0.6448727469112653,0.4291970802919708,0.8778010158350762,0.9003102553251452
0.43777055424098194,0.3141548257545474,0.27109555346010006,1.1586543529846176,3.3387919993342146e-05,0.0018178704767156122,0.5351384051246638,0.3446305573400021,0.2232195812529011,0.44495845745043044,0.3490332972568877,0.33250802338750945,0.3940186177626152,0.34088564029616414,0.5976223350663153,0.2240022572192933,0.8183447863758588,0.739920885474332
0.18032333625981273,0.039076597598158166,0.1581278536239653,1.4652769056888109,0.0015458094215845433,0.0003991241597110676,0.2416918429003021,0.13636110647297825,0.136755626949914,0.4362065946908369,0.3830958823656977,0.27760393383996423,0.2063654782404755,0.3530495064253982,0.4608435724254537,0.4525547445255474,0.394084254556319,0.5727750801702938
0.3057993321028679,1.0031895800049615,0.4673259127401209,1.4883837749591864,0.04716467162045177,0.014098096986137076,0.7764350453172205,0.6679467913396784,0.33620485204132705,0.4118920543001452,0.20002365815741716,0.1470719713902548,0.5333506848397465,0.24147727272727276,0.6149571917397039,0.1781021897810219,0.8377651628323868,0.9348742687836977
0.07612561011596557,0.01566425609733431,0.0878826946570179,1.209343212357152,0.0027710014339971294,0.0033542038778101176,0.7129909365558912,0.5408805031446542,0.07812417974177627,0.4422852297885098,0.696895461858047,0.2735806884219938,0.2475279793040911,0.6789772727272728,0.5656223199061539,0.18248175182481752,0.6121900209142512,0.7011557015877732
0.17479930094411036,0.31321239273451335,0.18176069659815847,1.059496853803175,4.602372199348601e-05,0.018989863819347457,0.47027379083874066,0.3002886350017506,0.1595705971272029,0.4942913925944168,0.3574701833012055,0.3042189578215763,0.34097233257431514,0.3380604166670151,0.48816575655362593,0.20472842760693388,0.6130440939191577,0.609476025757099
0.06865639771771266,0.015520413877703408,0.0362692765952095,0.9069446188622379,0.021588022115661857,0.006542597045395799,0.18126888217522663,0.07914509934880615,0.03067219634664083,0.5015519219908208,0.43393850442362825,0.1779168529280286,0.15030937197903826,0.0,0.36281559482691783,0.05839416058394161,0.32237824917836844,0.3917254858635917
0.5384379931560707,0.333944780488647,0.39904534817185183,1.1606812486092593,2.2845463318234485e-05,0.17867876878104783,0.5667427289731178,0.3437908056972647,0.33413364236366716,0.3660891680173833,0.2853363354969167,0.3327457042008526,0.3117052917650325,0.35635005917622464,0.4842477486455362,0.31981357101547164,0.7962354347176577,0.7444306174718778
0.037021094478851456,0.007987283701302741,0.014886113982064282,1.0001255808112521,0.009123722277300007,0.002667960486398069,0.1178247734138973,0.06717871653587132,0.011504565580924293,0.6785921692105445,0.485038806315386,0.06392489941886455,0.2290276596782049,0.37743397198144074,0.25654030162666075,0.0145985401459854,0.2485808186435614,0.172820067292761
0.06771558652695325,0.07476724631848768,0.014062342740594579,1.6978525681275904,0.0016784662363807973,0.010721306050855611,0.07250755287009059,0.04959091668058105,0.007744845897238223,0.48711516363384755,0.47801636672031106,0.04112650871703173,0.15808686056504248,0.33380681818181823,0.21342127560219742,0.072992700729927,0.26202569465192704,0.1744659726955492
0.053965822508719875,0.03189256764018758,0.01258932199901922,1.0996714584135492,0.0013667460659185688,0.0034141086824080367,0.1299093655589123,0.057828240663438515,0.0076322501366595345,0.9202179143430431,0.5458153844413258,0.06392489941886455,0.25849502339596164,0.3951119338624002,0.20678723284744135,0.09526978810651698,0.15058261129369588,0.16623644568160822
0.16413572021635175,0.09547890974062337,0.21079763607487761,1.030331082356242,0.0009741913622562118,0.002328844504545658,0.22054380664652562,0.06823621083096787,0.18872288783184873,0.6224231440407567,0.30717994987912534,0.3035315154224408,0.22380575093989286,0.3090842448123704,0.28892235689257795,0.14598540145985403,0.16313116223483726,0.3900795804608034
0.08107472053343792,0.06049292627601383,0.19916835590273005,0.9652141152831848,0.0072410760152083024,0.004307667148231002,0.9123867069486403,0.7790950075137754,0.20566135130737337,0.42176983633386367,0.2711618877456569,0.1591417076441663,0.8308396232544082,0.6292613636363638,0.6192454896162872,0.3,0.8652524648939348,0.8492871878387112
0.009628789225668217,0.08087018715297097,0.11669347323032205,1.0012940350425446,7.761287960829556e-05,0.01638440339388887,0.43202416918429,0.250180887182056,0.11122518326482297,0.5160334515104108,0.36183995256808393,0.43451050514081363,0.28543839247257546,0.342501969548785,0.45939902738041305,0.26277372262773724,0.5712578428443384,0.6879884583654676
0.011154789375963401,0.08606092333330775,0.14175249474325977,0.6279040562602035,3.8881475082974164e-05,0.0,0.42441944611935123,0.3103468670027878,0.13550091043715665,0.5427553944953378,0.30336655398779555,0.05230219043361645,0.33070905685762925,0.3147193545917658,0.45675473303540737,0.21361416537981084,0.5503435912757695,0.5392981379414514
0.23450905711766828,0.2926930576734571,0.04016659485894979,0.8489262840637952,0.012446656126271145,0.00815082654933388,0.2356495468277945,0.1385874102521289,0.05816044053048326,0.47647755221292,0.24486659047618492,0.410818059901654,0.18704026878382868,0.28246478054676544,0.5232306218730152,0.0364963503649635,0.6280250971018821,0.4871879992253072
0.6630879611725224,0.4499190685488986,0.30639349394829657,1.4652769056888109,0.00011670348079244326,0.015712270452567616,0.49244712990936546,0.2764512717760338,0.23756386883779984,0.39926616488962685,0.45021085310516085,0.9177469825659365,0.3461956561354217,0.38916359327474986,0.6280614077820843,0.17570898854611794,0.800418285031371,0.7560988294280946
0.16844772568563013,0.16424680415720178,0.07541570601486457,1.7792289338189127,0.0005459163920169925,0.00019718449485854996,0.3383685800604229,0.12862470084042965,0.05825709984557215,0.44972441433489724,0.5334427676779206,0.47518998658918193,0.19553312232991274,0.41917008237040565,0.5254554807466401,0.1094890510948905,0.49686286226471443,0.49377162083646
0.5260378849646707,0.298560064364226,0.5495623912170863,1.2791661434132866,0.005208128531458539,0.3638520143546177,0.8972809667673715,0.5360939500194801,0.4764049443058641,0.2398546474804374,0.09498860352849076,0.32811801519892714,0.3396741429666368,0.31942082351971207,0.43002790835756655,0.4869477234261028,0.9435315207648638,0.9529792282143676
0.35561774069681984,0.38381952811670933,0.06610637252197023,1.9070701996734902,0.006880873327828824,0.004272830359362152,0.29607250755287007,0.13118495018645293,0.03337412478555031,0.5319450974791854,0.3568510584657382,0.27805096110862765,0.18336369846955622,0.33272848899434004,0.5570268586901839,0.0437956204379562,0.6570062742754703,0.43287312093329655
0.18506097952136483,0.11009748138738244,0.1250693055629977,0.5116162250408138,0.002851659495337796,0.003803567442240061,0.8731117824773414,0.6972226860355095,0.1892812568480274,0.41569120123619074,0.3748806773542473,0.2056325435851587,0.8113959017893975,0.45738636363636365,0.5978183182816417,0.3970802919708029,0.7532118314908871,0.7850968771299713
0.035081828395892176,0.032322478094365344,0.012019330609470016,0.8838377495918626,0.007921588328162331,0.020587353428991848,0.27794561933534745,0.13513663939444537,0.00853096933838208,0.588932301519869,0.6096695098609651,0.2530174340634779,0.20086304778806574,0.21875000000000006,0.2809191702155912,0.0437956204379562,0.32028682402151176,0.23701037800150082
0.1293892608592852,0.13052792518911616,0.12392805312048356,0.8140148185357279,0.006711169928425341,0.005577297536620365,0.8549848942598187,0.6372794567818778,0.2246094581814942,0.4141715424617725,0.40744131367610603,0.2932498882431828,0.6655679908018184,0.3849431818181818,0.5976855311779649,0.5051094890510949,0.7051090528831789,0.7966182149494887
0.047935823956685664,0.06332451693661326,0.024034638619339514,1.5232952404872537,0.19003574503516657,0.0075249531421930724,0.42900302114803623,0.14064674124784327,0.09054020164032724,0.4536826705966465,0.4932035379573239,0.23826553419758606,0.19891867564156468,0.9715909090909092,0.467109232350262,0.06861313868613138,0.5509411413205854,0.559607836947988
0.18307300496890538,0.4560331709855697,0.2217202998063809,1.0350756356585562,5.8515706375879296e-05,0.007635924337595776,0.5252786909309196,0.3718841210672708,0.19750316830979203,0.465403739398027,0.32570032026665113,0.30185411744928237,0.40316747831020355,0.3188726171209146,0.5623822505126728,0.22126948152351222,0.8401553630116525,0.7428309461397635
0.20945837831497108,0.11543257315144564,0.0937407494670748,1.6395830717066433,0.9587866028386477,0.023273559295910247,0.39577039274924464,0.160739132854678,0.04958474078034057,0.5714562256140593,0.41273304799552696,0.4202056325435852,0.18141932632305516,0.1832386363636364,0.4461487198040064,0.031386861313868614,0.48939348670451155,0.47072894519742525
0.3353659229498913,0.5903365503888184,0.3692252646402974,1.1046088157729501,0.003430075889882018,0.00360447054205785,0.7129909365558912,0.4537207101909055,0.5734200816069854,0.4118920543001452,0.20576433981618658,0.10236924452391595,0.5916818492347782,0.2556818181818182,0.6993409140007705,0.20875912408759123,0.8670451150283833,0.9612087552283086
0.24928742670818724,0.5034122122044467,0.18535156427096594,1.162878312193897,0.05835531429876129,0.0025685154095677017,0.5226586102719033,0.14782657093560417,0.15843028506026607,0.4118920543001452,0.3968312801059417,0.3844434510505141,0.16003123271154354,0.19034090909090912,0.5615008637221764,0.1021897810218978,0.6991335524350166,0.7307819988379607
0.41336518247118276,0.36877104601577254,0.09687772299785143,1.6280296370714558,0.02794487059407129,0.004547803232926369,0.14803625377643503,0.07964601769911503,0.12902884178420765,0.4293681302059548,0.32816624562381685,0.35046937863209654,0.11830396711464444,0.32895750005706875,0.6038975192120755,0.09489051094890509,0.517478338810875,0.5447946883228942
0.3661602146655108,0.047225501770956316,0.578381835023072,0.5814391560969484,0.00023652856813828434,0.0001688602214162209,0.6706948640483382,0.48316357767017315,0.39408273672716837,0.4118920543001452,0.19451807614085095,0.1931157800625838,0.42252147248918626,0.1065340909090909,0.6668736613292154,0.20510948905109488,0.8876605915745444,0.9562710390199443
1.313450273372276,0.2932086269775275,0.6599755019182838,1.9304282305663696,0.006013057673959923,0.020802266438067034,0.46827794561933533,0.3803083430734124,0.2792625992523201,0.4141715424617725,0.16174757686154526,0.2570406794814484,0.44390956610069787,0.39346590909090906,0.6359772425997955,0.21094890510948905,0.887063041529728,0.9036020661307218
0.23847625427745595,0.959346794702404,0.18139217256166254,0.8838377495918626,0.04200656869252412,0.010633076972815365,0.9909365558912385,0.8746034396393387,0.29721809692179774,0.4255689832699093,0.1880880345142654,0.16942333482342425,0.5294619405467443,0.2855113636363637,0.6485055631128352,0.2248175182481752,0.9031968927397669,0.8657462418665931
0.0998496589948918,0.05826417997409224,0.05260859958017351,1.7674243375612209,0.002056767016150541,0.01378699515794478,0.49244712990936546,0.3263761340234875,0.06478067047627697,0.447507191704915,0.31212766833792127,0.45999105945462676,0.2475279793040911,0.29687500000000006,0.47711208975577,0.1167883211678832,0.6331042724828202,0.6221522422539396
0.18754309531097357,0.5115595001725298,0.1808386573486322,1.0681477411111686,6.96605295948988e-05,0.019004285340839804,0.47031918292814234,0.3120172442103523,0.15761140772134288,0.4948111584820443,0.3336890940635867,0.3001990948590382,0.36123601462140653,0.31894473903895304,0.4840974059514872,0.1953127072448347,0.6278140607274203,0.6223093011666636
0.05296054018288358,0.009527526794653919,0.0731259057908785,1.3954539746326762,0.007088284733926968,0.005641492331538929,0.24471299093655585,0.10213168586853674,0.06601842401024612,0.41113222491293605,0.31441225243164717,0.481001341081806,0.18373595349463134,0.31833375044077966,0.485507087233106,0.09489051094890509,0.6348969226172692,0.6270899584623042
0.029929223798692433,0.01985022630906521,0.3435967419466918,0.5814391560969484,0.08787162580984732,0.017968391868183792,1.0,0.9999999999999999,0.3297458098242811,0.3871637898454834,0.14321853726417524,0.21144389807778274,0.3622459359476534,0.3693181818181819,0.6943887986191883,0.9452554744525548,0.9366596952494768,0.913477498547451
0.3438417465033459,0.17890093230768983,0.24605088858631985,1.7674243375612209,0.013044951311535557,0.0003382373091361339,0.46827794561933533,0.2281404797684644,0.2011995421862567,0.41113222491293605,0.6578104784034081,0.2735806884219938,0.2805823057946091,0.5028409090909092,0.6238176625279519,0.4817518248175182,0.6071108455333132,0.7340738096435373
0.03268801102653444,0.0212353137497808,0.02826727332237519,1.4883837749591864,0.03735818319274854,0.004506402242000628,0.14803625377643503,0.05576890966772416,0.020054189074874287,0.6899896100186813,0.32819945178796983,0.08627626285203398,0.16780872129754776,0.1803977272727273,0.28897189828450076,0.09489051094890509,0.400956080071706,0.3884336750580152
0.3288360554479255,0.2636918802683223,0.05348083677921133,1.4768303403239984,0.0045322572894541426,0.0016641027513672015,0.3383685800604229,0.13112929259197414,0.02349816416964153,0.4210100069466546,0.6173919353963851,0.2735806884219938,0.2144736528135731,0.6079545454545455,0.5797753651085632,0.32116788321167883,0.5428742157155662,0.5233979180866477
0.0006143315621718019,0.07716625071083538,0.02632995308422531,0.7210850182092177,0.011615295806803164,0.004679449080476756,0.31722054380664655,0.10346746813602714,0.025661977412733124,0.5380928144718626,0.3976069761005556,0.13455520786767994,0.18336369846955622,0.3693181818181819,0.4762293522269634,0.051094890510948905,0.4941738870630412,0.37526643183570974
0.016222532180581492,0.08742298783257016,0.21614594047639474,0.9352895422422547,3.6394194544099415e-05,0.010995193505182075,0.5152066537777258,0.29456454794758374,0.20634940497629917,0.4726055809360559,0.36615982355659504,0.5297273133661152,0.32564315528340637,0.34999316713177653,0.5406918420283121,0.1605839416058394,0.685688676426651,0.6978638907821968
0.021137093034551396,0.012884383987613409,0.07936920453376532,1.162878312193897,0.03561978461171847,0.027281754107782025,0.8549848942598187,0.4506038849000946,0.3033956411370486,0.4118920543001452,0.1520221555044167,0.2597228430934287,0.2650273286226006,0.47159090909090917,0.6419644263734088,0.8883211678832116,0.888855691664177,0.9036020661307218
1.1284225604067502,0.23071968787854544,0.27183495794477075,1.4419188747959313,0.0029665016843526846,0.011990833065984237,0.5619335347432025,0.03272666555351478,0.5578985513229228,0.3231515665199815,0.21343629198209407,0.6638354939651319,0.19697430349506362,0.4161931818181819,0.7500671462755948,0.1386861313868613,0.6635793247684494,0.7390115258519017
0.0,0.07720296429136507,0.0510213176562597,0.604797186989828,0.005054283977189234,0.0015287871530606004,0.2809667673716012,0.09996103968386486,0.04933263016885235,0.582853666422196,0.5267377790121484,0.13455520786767994,0.2864154222341122,0.6178977272727274,0.4024126782619588,0.1021897810218978,0.4374066328054975,0.4065386344886853
0.26593275573550257,0.08676595012230628,0.13770222376126812,1.2791661434132866,0.004741557778173851,0.03072377357058944,0.4833836858006042,0.27294484332387153,0.10927882122937509,0.4702486988541906,0.39189418761967476,0.5239159588734913,0.6675123629483193,0.4687500000000001,0.5005269624714189,0.2043795620437956,0.7663579324768452,0.6632998773236445
0.012022514951621448,0.026067765847493304,0.0016408587318987797,1.3025241743061662,0.00351336574415041,0.002532128021787775,0.1238670694864048,0.06845884120888295,0.0007873446906093489,0.7036665389884453,0.39975475079797124,0.06392489941886455,0.17364183773705094,0.14772727272727276,0.18330010931312168,0.051094890510948905,0.3232745742455929,0.13331833762584422
0.23008776688850482,0.12946607869139135,0.1742821998870503,1.9535350998367451,0.004773409559264553,0.0001801795934670787,0.41993957703927487,0.12745589135637558,0.14810031205503946,0.4782758249902058,0.49187263489807187,0.4219937416182387,0.26332573917274504,0.39981178051031585,0.5112810336719353,0.26277372262773724,0.5864953689871526,0.5793587017814463
0.0065925974123568305,0.07949915292145097,0.11064656827619608,1.0035039736747873,0.00012701805254667077,0.015146767029698053,0.5981873111782477,0.327210997940669,0.10570343281184262,0.39697765975997557,0.30958141967066977,0.47518998658918193,0.2856568505116037,0.3306524351345694,0.5706867715721765,0.0875912408759124,0.6847923513594263,0.6468408232957625
0.14403548066049235,0.04224274263475309,0.2364719569609581,1.0010809176453996,2.5934415629920833e-05,0.012243270568707477,0.5369961991872301,0.3608088036454581,0.2148982325902296,0.45559978023430736,0.36766419635353353,0.30308448815377736,0.36804431531734777,0.3570204932999408,0.585161213652819,0.1676642335766423,0.8727218404541377,0.9249988363669683
0.00708793001376484,0.0008452750659209497,0.03314553923966823,0.3722215245510486,0.014876745192487079,0.01766742061954386,0.5740181268882175,0.2674347414704737,0.09467123276361186,0.41569120123619074,0.29958370776748666,0.43316942333482344,0.15030937197903826,0.2741477272727273,0.5386867906295547,0.25547445255474455,0.7080968031072605,0.6846966475598912
0.03397143108507624,0.02702455903874608,0.022468114023702974,1.2791661434132866,0.0014878127092205467,0.00379509083485951,0.21450151057401812,0.11804975788946401,0.018834014652929502,0.8632307103023595,0.5759028256570696,0.13187304425569957,0.1522537441255393,0.65625,0.1874841050491491,0.14561120318385232,0.031371377352853225,0.2732202968628412
0.07884792326881028,0.0544838771458148,0.4355958593287259,0.34886349365816904,0.0018908070434351752,0.0023257949933538744,0.8580060422960724,0.7375744420326152,0.24823206939173867,0.41569120123619074,0.4933695687780889,0.11980330800178811,0.5586275227442602,0.4303977272727273,0.6136706293361599,0.4715328467153284,0.6767254257544071,0.8295363230052528
0.6227174835454268,0.32001984699389957,2.0,0.8838377495918626,0.00043434796442645517,0.011955634470702803,0.7432024169184291,0.5185061501641899,0.8051364462466187,0.4118920543001452,0.20817643558026,0.15333035315154225,0.550850034158256,0.2599431818181819,0.7755051831173202,0.32189781021897806,0.8655512399163428,0.90524797153351
0.04416579758171385,0.03156771049248182,0.2663360624775538,0.860479718698983,0.0013099165690029827,0.0016061620387233131,0.8700906344410876,0.7574998608560137,0.20987091221142823,0.41569120123619074,0.5027616002471214,0.1752346893160483,0.6422355250438057,0.6150568181818182,0.6028937242606984,0.39927007299270073,0.6576038243202871,0.8114313635745825
0.15336111350402223,0.09593306326552546,0.1184953385294433,1.4419188747959313,0.025643826922472537,0.004131984291606045,0.4380664652567976,0.20498692046529746,0.058686824851153785,0.4179706893978181,0.5945248425140681,0.2749217702279839,0.16003123271154354,0.5596590909090909,0.5467311626544905,0.072992700729927,0.6991335524350166,0.5151683910727067
0.25439420960312914,0.04104836735040207,0.9380033612927654,0.7395491929063573,2.670352723789132e-05,1.0,0.8458475968229467,0.5869540701368969,0.8605282438378319,0.0,0.0,0.19982118909253466,0.0,0.43818502932891457,0.0,0.9999999999999999,1.0,1.0
0.602358122263299,0.5287219780406264,0.09406942073075963,0.9069446188622379,0.002802118842034873,0.006384229209944529,0.6797583081570996,0.35782267490399067,0.038948672777042156,0.4118920543001452,0.5803869860642898,0.21144389807778274,0.25919421218309746,0.5241477272727274,0.5696824324450138,0.4160583941605839,0.5563190917239322,0.5694832693647172
0.0270063032333626,0.013288435166351913,0.01692681251795958,1.0001255808112521,0.01923835766769691,0.0022645980229967257,0.13595166163141992,0.06456280959536928,0.006494983072794381,1.0,0.5770557436764616,0.13187304425569957,0.20038238336014286,0.41763625494608436,0.40556981605631315,0.0072992700729927005,0.41111443083358257,0.271574391460053
0.8722224258742323,0.10152351537455138,0.43609442192925724,1.4846554979451763,0.00037499089024817993,0.07516765979942588,0.46827794561933533,0.1307396894306228,0.12489749244803414,0.3284960225110159,0.2568301072972252,0.36656236030397854,0.18530807061605728,0.6718750000000001,0.6094236362929211,0.20901417996820215,0.7660591574544369,0.5974636612121167
0.2803612766292823,0.9731766584482656,0.032919053574530115,1.6395830717066433,0.089578188589522,0.0034271853998914478,0.42900302114803623,0.21122057104691938,0.14341277819116785,0.4293681302059548,0.240729102422722,0.5395619132767099,0.278637933648108,0.1946022727272727,0.5735916986440147,0.09343065693430655,0.6504332237824917,0.691280269171044
0.39523994992604383,0.5731514456547123,0.1464547921321813,1.2197895226778408,0.0014469101450069616,0.004262234600136463,0.7250755287009064,0.42489007625090447,0.10707411332988633,0.44836386488618274,0.4664048352392925,0.40634778721502013,0.4747892624067001,0.3809563291498296,0.5498849291738233,0.3051094890510949,0.6728413504631012,0.6632998773236445
0.0069102792741109215,0.010319467104981385,0.012162451085440545,0.7906567876428483,0.01406913214922545,0.0007783489667299878,0.039274924471299044,0.053431290699615955,0.011636838938524366,0.6345974992526915,0.39379756494892426,0.06392489941886455,0.175586209883552,0.21732954545454547,0.41319018288662357,0.0,0.18016133851210037,0.12015109440353866
0.3172060033761431,0.12431685046954787,0.3503908533363717,1.0400805462617617,0.00030620646701068924,0.07514719189379968,0.824773413897281,0.6009907051817222,0.3083404028196758,0.4118920543001452,0.2618854137278768,0.35046937863209654,0.550850034158256,0.31960227272727276,0.5862491899463353,0.3200729927007299,0.8739169405437703,0.8624544310610167
0.011117353045218688,0.00907337326975184,0.020500579831502566,1.8256938339821676,0.03780179037162795,0.004216802052041925,0.42296072507552873,0.14437580007792064,0.042402787682512294,0.4590014763071103,0.30623955131031255,0.1618238712561466,0.26697170076910165,0.3906250000000001,0.535039488202255,0.05839416058394161,0.41380340603525534,0.36868281022455673
0.7857511001790712,0.43475583591320005,0.2108108994940842,1.417855334075081,0.00043579725694156484,0.002384976185126624,0.7250755287009064,0.4936272054321812,0.13543869860904847,0.4179706893978181,0.5522321436022503,0.40634778721502013,1.0000000000000002,0.5710227272727273,0.5808697394219026,0.2745255474452555,0.7051090528831789,0.757116485282572
0.004230076265641238,0.08028754523809344,0.10016015166491328,0.860479718698983,0.00227710046994213,9.52584597704607e-05,0.40785498489425986,0.10547114153726275,0.096148505999087,0.4141715424617725,0.6488461423286662,0.1712114438980778,0.2514167235970932,0.5511363636363636,0.49852748235513533,0.5036496350364963,0.49566776217508224,0.6369653908790334
0.055582870381401535,0.05602412023916598,0.19337309689928153,0.9749898634959961,3.9426870396665975e-05,0.006189008807040008,0.4847468848133675,0.3207050528207386,0.18118301051604713,0.49183216874884716,0.2967957182252014,0.2988609631682265,0.3321965853053568,0.3170942322365786,0.5216779215562739,0.20823772295953333,0.7009262025694651,0.6575962430919382
0.012650730489577397,0.0030190704075340993,0.019753471273774238,1.348989074469421,0.02171481089374545,0.0019429521222091093,0.0785498489425982,0.07480380697946235,0.004083987217818271,0.8883050800802602,0.4760399358299248,0.10326329906124272,0.24363923501108897,0.30397727272727276,0.2330171479891245,0.0437956204379562,0.22617269196295187,0.13661014843142072
0.07364825978339165,0.05582694326394158,0.03254761957735243,0.1396458621122693,0.0032298873241420143,0.00021460288929297494,0.1570996978851964,0.07046251461011854,0.025254002688124878,0.45596215875827384,0.34640971220947114,0.06392489941886455,0.2560142329559303,0.32123200426017134,0.24978465727354868,0.1563489010327248,0.3477741260830596,0.2732202968628412
0.11901541075490338,0.323169829983345,0.1721968615990903,1.0313220983420786,2.911090910023797e-06,0.018924880303098305,0.46998728702099923,0.3070450045512166,0.15516266998302014,0.4979146583335747,0.35474678004652815,0.29865621247824026,0.34293126869717894,0.3350605851569639,0.48441875097413867,0.20540336058721967,0.6238422467881684,0.6131574534563744
0.013582560626694256,0.01257245647762728,0.1772917212545303,0.20946879316840392,0.0008830248880243496,0.032191725559705474,0.6737160120845921,0.29821339121723156,0.16883778160550614,0.4141715424617725,0.33617822891065097,0.9400983459991059,0.2066961642275689,0.4687500000000001,0.5688544743655948,0.2408759124087591,0.6486405736480427,0.7176147556156551
0.013683139263150372,0.014987066321768583,0.004748779954429462,1.162878312193897,0.013290377813154671,0.010202010475536124,0.09063444108761332,0.06996159625980966,0.003730848314280121,0.952890577993035,0.3397711358720048,0.13187304425569957,0.2300286299855816,0.24147727272727276,0.21715039128511526,0.0875912408759124,0.32805497460412325,0.20244636454294862
0.015619381113760624,0.006555326323853483,0.08434747710839206,1.0699485118673868,0.022486397971146106,0.004967963851197706,0.44712990936555885,0.16034952969332666,0.22487265464200362,0.41113222491293605,0.38439092276766446,0.7040679481448368,0.16391997700454564,0.4928977272727273,0.5899432776164719,0.1313868613138686,0.6835972512697936,0.7373656204491137
0.2030029710791744,0.076829523534769,0.07067450809028133,1.209343212357152,0.0017647929351283574,0.0001520103799158573,0.20845921450151061,0.08677018979239717,0.0763759783326264,0.5121895334117483,0.36163673084346754,0.13187304425569957,0.33308035375013756,0.37642045454545464,0.37881746441798936,0.1252541034575819,0.311622348371676,0.4822502830169426
0.004188699268502345,0.08201335847439829,0.2115773753203977,0.9293757985419355,0.00019778882635976004,0.0007858952147638931,0.5528700906344409,0.33188623587688537,0.20319060950701143,0.44780591485279636,0.3901001495981762,1.0,0.3270348525743944,0.35949438788814775,0.5843026511501093,0.1904594269849161,0.7251269793845232,0.7249210756224969
0.0021209949541141477,0.004470422241562805,0.0019252902670685544,0.0698229310561346,0.016817509057114224,0.0008692657495494346,0.0,0.047420270495909175,0.0022770282287513776,0.7484964728337831,0.35436856563366054,0.06392489941886455,0.14642062768603614,0.10937500000000001,0.21838442232028374,0.0145985401459854,0.27308037048102785,0.0
0.012936153872941919,0.00858204703640582,0.03927265663393479,1.0001255808112521,0.14321926559408435,0.010825816417462162,0.09063444108761332,0.051260644514944054,0.04022566970052556,0.6608199396733998,0.2782255029842816,0.06392489941886455,0.15614248841854142,0.044034090909090925,0.36687798896458923,0.008123616045828137,0.042127278159545645,0.29297116169629966
0.035615788692303606,0.03670400907660568,0.04458488417684813,0.0,0.004601986601387965,0.002663412062925578,0.36858006042296076,0.1665831802749485,0.040079377775117414,0.43468693591641866,0.21978663881471242,0.4684845775592312,0.2591782166950298,0.2781186601663324,0.4874532802034275,0.05839416058394161,0.6334030475052286,0.5003552424476128
0.32266323064995345,0.6032451774471561,0.45655192107211495,1.255808112520407,0.011904252496936987,0.02627784468612079,0.8489425981873112,0.631991985306395,0.4111938779968344,0.3687220335842983,0.18305398002867165,0.19222172552525701,0.6189030592857929,0.27840909090909094,0.6581254514401362,0.23503649635036494,0.8664475649835675,0.9496874174087913
0.11745980978494959,0.08155045750714968,0.36123502685656117,0.5116162250408138,0.0037659601992107447,0.000740410980038985,0.7432024169184291,0.5725496744030723,0.5516161688613036,0.4118920543001452,0.18963544176379485,0.1931157800625838,0.5255731962537422,0.18465909090909094,0.7057273339560792,0.25547445255474455,0.8700328652524649,0.9858973362701318
0.12223328561766737,0.02748840979193788,0.06534032947043754,1.7209594373979655,0.020242850081948077,0.01055921677801776,0.2990936555891238,0.14949629876996715,0.015322071005163994,0.5243468036070942,0.3841983270155771,0.28028609745194455,0.3291916094571355,0.42755681818181823,0.3931484379723911,0.0145985401459854,0.5228562892142219,0.36209918861340396
0.013918387882542483,0.008242644046265476,0.3055474962691928,0.5929925907321362,0.0033497860572244812,0.0009339257241413209,0.688821752265861,0.5117159236377804,0.30466392590765495,0.44364699607354013,0.20886978028777448,0.3169423334823424,0.4322433332216915,0.13494318181818182,0.6166627996737845,0.18321167883211678,0.8667463400059758,0.9266447417697565
0.8844580575630554,0.2957848572931641,0.41235057034359734,1.9535350998367451,0.0035473713156518693,0.0007671846545702377,0.4712990936555891,0.05588022485668169,0.3207884266144316,0.26936376629765446,0.3915634542247109,0.5194456861868573,0.15419811627204036,0.1122159090909091,0.6166161456475344,0.1094890510948905,0.7343890050791755,0.7686378231020894
0.0647433618099939,0.047306312006704015,0.03677666331256437,0.7326384528444054,0.15346904577458748,0.01320262611499045,0.2537764350453172,0.12545221795513997,0.03761334829105918,0.4407655710140916,0.5996850804234433,0.3290120697362539,0.19891867564156468,0.41193181818181823,0.4464054342894246,0.0364963503649635,0.41798625634896913,0.34234832377994573
1.1955844833053213,0.888356618802764,0.17829196618431745,1.976893130729625,0.0029972140408389856,0.0028425579237852726,0.44108761329305135,0.2506818055323649,0.1858173805471817,0.4270886420443275,0.2082707410864545,0.32811801519892714,0.19114118705556044,0.031250000000000014,0.5788013293729082,0.1605839416058394,0.7538093815357039,0.7159688502128669
1.1322410203210087,1.5911260663920734,0.20363722155714128,1.860605299510235,0.022907323652686943,0.0012917522661873868,0.42296072507552873,0.21867868870707408,0.09955303989632797,0.436966424078046,0.15169939158884962,0.2217255252570407,0.2378061185715858,0.2000377848751284,0.526916822179788,0.1094890510948905,0.7009262025694651,0.6517785395041271
0.1291912652838288,0.08021708861731261,0.06132388562957916,1.255808112520407,0.07613320892159876,0.018180048619545724,0.30513595166163143,0.11882896421216674,0.05966876962384485,0.4537776743542798,0.5298272805249428,0.2717925793473402,0.2961372829666175,0.4701704545454546,0.5313283875709456,0.0656934306569343,0.5363011652225875,0.5678373639619292
0.0025900258984261166,0.0011281108910379022,0.028202054180060068,0.41868642471430373,0.0062155737228857455,0.0009346493369664898,0.22658610271903323,0.08994267267768687,0.027193905861963037,0.5630051353171971,0.7835980847080776,0.7447474295932051,0.6014037099672834,0.5838068181818182,0.39817891440540276,0.23182176079739228,0.3352255751419182,0.3127220265297581
0.1106531333796438,0.10718023187689045,0.1385349078357547,0.27904056260203447,0.026294165326542954,0.006403456636441876,0.8066465256797583,0.5385428841765458,0.22838401346608145,0.4472943559602308,0.33974722743381464,0.21993741618238716,0.5975149656742813,0.3607954545454546,0.5949351131259856,0.47591240875912405,0.7603824320286825,0.8410576608247702
0.7807576343538133,0.37328995439878393,0.3774016191437803,1.558206706015321,0.0019870668846029287,0.019439083248709393,0.6978851963746223,0.517782601435966,0.29570947541659226,0.3807234506979397,0.18137109162939796,0.5324094769780956,0.4540222778104089,0.2755278796795346,0.6408993317049533,0.22863875243106982,0.8013146100985957,0.827692689320688
0.33932386412582277,0.31227337779512504,0.39527552818959244,1.2676127087780988,0.007083815271439096,0.005800997272858322,0.9395770392749244,0.801358045305282,0.23458014303411348,0.4141715424617725,0.20760130481713016,0.39606616003576217,0.46140891541920737,0.31676136363636365,0.644436228618744,0.24014598540145984,0.8595757394681804,0.8114313635745825
0.26169786819112417,0.19405770012452855,0.07107306403347892,1.8372472686173555,0.004954913645805686,0.0008790345226892161,0.34441087613293053,0.18405966494128126,0.07022846653380849,0.4232894951082819,0.30228668952954024,0.32543585158694677,0.2416948628645879,0.19744318181818188,0.5364581735164086,0.0875912408759124,0.6265312219898416,0.5727750801702938
0.4538221714721414,0.11645239832658162,0.07488527857553264,1.860605299510235,0.0035437543373039973,0.040215558058222196,0.16012084592145015,0.06678911337451995,0.032583778573367334,0.4179706893978181,0.39098965170814726,0.42914617791685294,0.1551642420766991,0.36071124883109684,0.4479361902773493,0.09287602506504918,0.6205557215416788,0.5464405937256822
0.271616892078894,0.04014006030059792,0.26197661317629023,1.061661575937611,0.00019460191132293923,0.003989535938308492,0.5317220543806647,0.22635943674514386,0.22863502705957828,0.4301005679898092,0.39698831484981095,0.9673670093875726,0.2991952984604866,0.3713534926455914,0.6068489677550575,0.18328647828030833,0.7284135046310127,0.7221804370938196
2.0,0.11991269262129818,0.41189134016836143,1.4185608439030517,0.0020011151562498693,0.011742427120429798,0.5075528700906343,0.005064841097567763,1.0000000000000002,0.17045677713726684,0.27248349307894604,0.6942333482342422,0.16003123271154354,0.27272727272727276,0.9999999999999999,0.0802919708029197,0.8051986853899016,0.8262445121996764
0.3037153610841782,0.40522454336156033,0.20010518297216498,0.8838377495918626,0.013365223419470693,0.004392950088340204,0.8429003021148035,0.6213613847609506,0.1948147381761551,0.4536826705966465,0.5305033580270977,0.3911488600804649,0.5897374770882771,0.41761363636363646,0.5907691188869599,0.4957664233576642,0.6803107260233041,0.7521787690742072
0.3691951234711589,0.2293572273038392,0.48503003246046267,0.8140148185357279,0.10139048326794395,0.0004489500713869895,0.7401812688821753,0.4935158902432236,0.207308937241194,0.41113222491293605,0.6106643665389888,0.2320071524362986,0.5994593378207824,0.71875,0.6062970528654824,0.5802919708029197,0.5766357932476844,0.7604082960881482
0.016977857120600886,0.0034829211607259017,0.06974062239312093,1.6978525681275904,0.008998258427704582,0.025571030015821793,0.1570996978851964,0.062113875438303545,0.010259966169669735,0.8358768523628313,0.2919887939024141,0.1470719713902548,0.23586174642508476,0.18892045454545459,0.1987435123043359,0.0331825967492961,0.4702718852703911,0.279803918473994
0.4402592683557157,0.22121478794990088,0.2916539243304931,1.2327012432500315,0.024187106609530128,0.0007848614821565088,0.5075528700906343,0.07341236711749317,0.41612072515385157,0.39542062062660605,0.38252606458883237,0.7478766204738488,0.1794749541765541,0.25142045454545453,0.6574697973265168,0.18978102189781024,0.6528234239617565,0.8213067959913116
0.01410873123372184,0.030677181694542158,0.034343900562513956,1.0930553811377623,0.030464642798220063,0.0011950465807665882,0.13897280966767367,0.08393165247398009,0.032726621759087735,0.6383704421902817,0.6107852369765058,0.6562360303978542,0.20199309391945267,0.44257283412507586,0.2835043301213821,0.051094890510948905,0.3594263519569765,0.2435939996126536
0.04085513377187757,0.029883625179499735,0.029551182320203602,0.8140148185357279,0.011632636598694164,0.0042481758366760365,0.10876132930513593,0.07068514498803362,0.015560954280892193,0.6991075626651906,0.3581939157440853,0.06392489941886455,0.1522537441255393,0.12642045454545459,0.27189362935983347,0.0655420782778648,0.4380041828503134,0.24853171582101818
0.45210843980769555,0.007323023563456641,0.8077438721876443,1.162878312193897,0.0040640871730966924,0.4091303812307651,0.824773413897281,0.3630544887849947,0.7299471955812098,0.17299366400822286,0.16031705530983434,0.4470272686633885,0.24558360715759003,0.2926136363636364,0.4788746231382165,0.1678832116788321,0.9064834179862564,0.9513333228115797
0.012670571286655071,0.0144521025611188,0.007415069727126908,0.5349742559336934,0.005541616575262523,0.005404509131296084,0.12084592145015105,0.04224411420938386,0.006270169966964341,0.807003335648885,0.47043340707433356,0.06392489941886455,0.31558100443162806,0.4772727272727273,0.2647596689229471,0.12247630421348667,0.042426053181954027,0.10698385118123299
0.20526931247285066,0.20991913319708724,0.10403996448630999,1.116413412030642,0.00450586293535586,0.01590263231221743,0.377643504531722,0.2722212945956476,0.05703078477490653,0.4270886420443275,0.2600046165902513,0.3522574877067501,0.1930855592020615,0.15767045454545459,0.5862157460585301,0.0875912408759124,0.5987451449058856,0.5266897288922241
0.9881716774225476,2.0,0.5912055465546562,0.4420444556071833,2.3017071779994837e-05,0.028765160399378452,0.6493755886180393,0.4598609743134118,0.48334155526635453,0.36251142851711315,0.03199196453010359,0.20786767992847566,0.6187810106910383,0.16053340216376283,0.6787619700451838,0.2700729927007299,0.9468180460113533,0.9762575227874508
0.01019972763580178,0.009931577973392423,0.003713578502354216,0.7441918874795932,0.011041587181234198,0.0012075547453159379,0.051359516616314216,0.05398786664440362,0.0031396296271951982,0.7383741757645247,0.523627025554296,0.22619579794367456,0.2069688472107155,0.39580733573492577,0.22222613207575348,0.05839416058394161,0.12309530923214806,0.18293059007706192
0.2257853839767006,0.17776474039307713,0.2596223802609597,1.0699485118673868,0.004727074579818157,0.004142890170613949,0.7885196374622357,0.6075593982035422,0.1151383761647882,0.3270264437958078,0.6214470721627487,0.40634778721502013,0.8775045547704337,0.4616477272727274,0.6180528460132962,0.4021167883211679,0.678816850911264,0.7126770394072905
0.010924031283392567,0.006938366841297585,0.008984007932846077,0.6746201180459626,0.007776517343346911,0.01434258043508517,0.1238670694864048,0.08382033728502254,0.007814689326176467,0.6158120360300442,0.4107340369135168,0.4219937416182387,0.14246863384896233,0.3594184275531417,0.29847900141096095,0.09585519449860559,0.13654018524051392,0.05596078369479873
0.1903250224984558,0.1104821381095415,0.03837696436588673,1.1677038595742928,0.00015170465928055277,0.010993953026053214,0.10876132930513593,0.09105582456726219,0.02056750946640343,0.655797287594271,0.3965722720255484,0.06392489941886455,0.207765737766614,0.34517840632505137,0.36413519735722577,0.2043795620437956,0.5112040633403048,0.386787769655227
0.3807952997930692,0.28638985928513644,0.15100043257148998,1.3954539746326762,0.0004070142798006422,0.00017961104053301736,0.4380664652567976,0.20610007235487282,0.11271512481341543,0.4466314848296894,0.38090029079190185,0.5163164953062136,0.2883597943806133,0.5,0.4832101847251792,0.21897810218978103,0.5497460412309532,0.602401377420481
0.08496654099301128,0.014073910657819561,0.14106301730570547,0.6628155217882707,0.0037926401042312277,0.005840124052047816,0.7885196374622357,0.48093727389102237,0.25365791736028476,0.41569120123619074,0.42027616024452086,0.28162717925793473,0.5936262213812793,0.42613636363636376,0.6085105172646954,0.41751824817518246,0.7248282043621157,0.8245986067968882
0.12526833188842232,0.10714790778259135,0.1760785835477404,0.953660680647997,0.001443819803153075,0.005296949253497751,0.8882175226586103,0.6903768019146213,0.26437126809384287,0.4135459195756012,0.241672157484667,0.2798390701832812,0.5352950569862476,0.2457386363636364,0.6292598349802413,0.32116788321167883,0.8377651628323868,0.8920807283112042
0.42560585454725414,0.9414909650115921,0.45169758732898063,0.7210850182092177,0.007016118859744588,0.0012705090611056403,0.782477341389728,0.7183725719374409,0.39809329417078704,0.4141715424617725,0.21575673873310522,0.1698703620920876,0.5100182190817337,0.15909090909090912,0.669275499134245,0.15474452554744528,0.88198386614879,0.9529792282143676
0.2163715901780265,0.1517099041833035,0.08248090285001496,1.4185608439030517,0.0008054863489237802,0.004101592552948947,0.19335347432024164,0.07341236711749317,0.06087098651843795,0.6498823344243831,0.48068082933194717,0.13187304425569957,0.17753058203005306,0.125,0.28647681363675137,0.14598540145985403,0.20645354048401532,0.3851418642524388
0.7125802108898025,0.8290354409450916,0.3836791610929463,1.261605342612834,2.9231104500580242e-05,0.062486603471491174,0.5744725584201084,0.33781886498953245,0.30673995539515336,0.3990553583686059,0.22591792853063655,0.3691834706283447,0.41222795602419104,0.2851757933591365,0.5658460078058264,0.22509763436323968,0.7669554825216611,0.7703851250517268
0.06695224278903872,0.11501639881069921,0.23612434805712437,0.6977269873163381,6.776172017793101e-05,0.010762035115586554,0.6374622356495468,0.28162742806255914,0.22120996408838545,0.4187305187850272,0.36009198008707033,0.4273580688421994,0.2825266779411101,0.3977272727272728,0.5657564310894879,0.25547445255474455,0.6011353450851509,0.7291360934351727
0.010851953745740873,0.01833422628643834,0.05480743724171491,1.1395202813010175,0.012158388649068763,0.018609141313300236,0.19939577039274925,0.11415372627595036,0.0518820701867872,0.49796947253707563,0.5375669732657224,0.30045121692685695,0.1645848374522379,0.42808659547874983,0.4959062923461278,0.1021897810218978,0.5802210935165819,0.29955478330745244
0.8152679744791448,0.2503226348662227,0.34856455619569116,1.340272137957296,2.6338077639162797e-05,0.0019214504839755162,0.552376659861033,0.31678633289111835,0.2653019253162892,0.41143444862923545,0.36196901790805647,0.3676563687313505,0.3930401930174179,0.35952885154360104,0.6419927150054273,0.22735270247682235,0.8048999103674932,0.7492292280711814
0.0032027078793166338,0.00822809820383089,0.009697602077194105,1.4419188747959313,0.011411650060068345,0.0006045268287983225,0.048338368580060354,0.051204986920465295,0.009519837391493704,0.7021468802140272,0.4110262511580631,0.22843093428699152,0.19141970169304645,0.3338593663942902,0.20415253154972762,0.03607019228525451,0.02868240215118023,0.08229527013940996
0.009729367862124331,0.00923499374124724,0.029580596042948812,0.9767675499183726,0.005751265144303454,0.007403024381152099,0.1299093655589123,0.055601936884287856,0.006609995531258997,0.7842084540326115,0.40974847796145597,0.23066607063030847,0.1619756048580446,0.09232954545454546,0.2251265553846896,0.0437956204379562,0.23184941738870624,0.2452399050154418
0.0021981128790142103,0.0012299317880800052,0.035436868241520064,0.8838377495918626,0.048494445442270835,0.006977436666691993,0.7552870090634441,0.3542049312628708,0.13430674656046268,0.41113222491293605,0.18371810331173152,0.27045149754135,0.18141932632305516,0.44176136363636365,0.5863058213165716,0.14598540145985403,0.7131759784881986,0.6600080665180681
0.04678835688874308,0.012742157972697454,0.02387815139239977,0.6977269873163381,0.006625915956256558,0.0033153872184028387,0.24773413897280971,0.09066622140591082,0.0192275665933573,0.44684420611176445,0.605884007147524,0.2735806884219938,0.1882283552070316,0.4605365184810809,0.5053912170178971,0.3430656934306569,0.5324170899312817,0.4871879992253072
0.0008282730900139847,0.07691691851692897,0.05280653845698628,0.5349742559336934,0.0009154533291282544,0.004498752620705985,0.08761329305135945,0.07630656203038903,0.05081827154327059,0.6406006998500888,0.48321778027323586,0.26240500670540906,0.26697170076910165,1.0,0.3048566700401183,0.4233576642335766,0.48461308634598144,0.4460403641556021
0.14820777575958635,0.08763223584952164,0.2647153967381269,1.81414039934698,0.000971763832031958,0.013787356964357364,0.6374622356495468,0.29459564757611173,0.2416855358309433,0.33420042108564635,0.3412561155329267,0.4461332141260617,0.2755244265345158,0.35207574100700306,0.5807797042357259,0.2116788321167883,0.6044218703316404,0.707739323198926
0.07124381177911007,0.03610278092264278,0.0971762374704123,0.39532839382142415,0.008210672161407497,0.003829514130685407,0.5317220543806647,0.2531863972839094,0.08762083919447072,0.4255689832699093,0.46149430768434785,0.3366115333035315,0.1658643491510467,0.8252840909090909,0.5323372304610102,0.1605839416058394,0.699731102479833,0.6270899584623042
0.1729858612555513,0.15690600234188062,0.19614021314611071,1.546653271380133,0.05859578430335126,0.005415570070195096,0.49848942598187307,0.2524071909612067,0.21043419202651387,0.4118920543001452,0.265304320389069,0.4979883772910148,0.4186327281961841,0.47443181818181823,0.5730629530581448,0.1978102189781022,0.729309829698237,0.7192606610184433
0.0008440357555907059,0.000339402990140343,0.018959300759653575,0.27904056260203447,0.016546644901201866,0.018529435056789372,0.8187311178247735,0.4356319919853064,0.25036067049312466,0.4366052851065574,0.17587613558536072,0.2942664863367092,0.44597268589283867,0.27026894139835006,0.5966729979084839,0.33514376525560835,0.8120705109052881,0.8017546057420526
0.00024560432410239874,0.000433142863607676,0.016886975961465777,0.0,0.04150104281841984,0.00333699222989717,0.0785498489425982,0.07502643735737742,0.01739045478298053,0.7834486246454024,0.3264076471702743,0.21278497988377293,0.20864053637406996,0.26988636363636365,0.3939185814286459,0.0437956204379562,0.363907977293098,0.3028465941130287
0.00799849888103403,0.0025148145364684467,0.02879819101792623,1.6280296370714558,0.0317789628264564,0.011041401352732154,0.039274924471299044,0.0435242388823955,0.008913977251734605,0.7264614206047189,0.32115443200127086,0.06750111756817166,0.21058490852057102,0.12784090909090906,0.2735284952932866,0.029197080291970802,0.3014639976097997,0.26663667525168844
0.2187902887317103,0.15245335835218232,0.09077878758663219,1.2676127087780988,0.03038438978843084,0.0039929472559128605,0.794561933534743,0.5903601046362775,0.062207635458066596,0.41113222491293605,0.7548481877844163,0.2735806884219938,0.40696649531717777,0.5639204545454546,0.5625220356291161,0.635036496350365,0.5610994920824619,0.6534244449069151
0.026843819477156052,0.02219695555517844,0.11430241235211368,0.8838377495918626,0.002412883059918383,0.001013781568061756,0.6193353474320241,0.5473924416986697,0.17106238211072503,0.41113222491293605,0.25125545645922076,0.26553419758605273,0.4166883560496831,0.17329545454545453,0.5583537693812111,0.1970802919708029,0.7358828801912161,0.7406574312546901
1.0011472837811335,1.010242697381021,0.5402337073086723,1.3605425091046088,0.22997051117015976,0.0018333764658263764,0.700906344410876,0.5123838147715256,0.460670830611323,0.41949034817223635,0.2384790527397152,0.43808672329012066,0.515851335521237,0.24005681818181823,0.6984817249591795,0.1948905109489051,0.7642665073199879,0.9381660795892741
0.07788809607161383,0.02260908775749171,0.056292600280048614,1.3720959437397966,0.023252870143706767,0.003928028848169128,0.39577039274924464,0.1306283742416653,0.04809197831748978,0.5164093326938133,1.0,0.29414394278050965,0.16975309344404882,0.24147727272727276,0.4767369726063734,0.2846715328467153,0.5509411413205854,0.5859423233925991
0.6795342865469316,0.44027770655893894,0.2916433750579838,1.2980516689061776,0.0,0.019584608531467144,0.5046747645544174,0.28797020353433483,0.22190551550194618,0.443913423624364,0.3455092327870043,0.3545313779991505,0.36867857276798066,0.34134620425095213,0.5553468783197887,0.20462789094845996,0.6525246489393486,0.6599318616210892
0.026287498190042762,0.0896005272726865,0.09249030907046016,1.0282386406423087,7.652069943871145e-05,0.01455753944348902,0.5045317220543807,0.23966160182556911,0.08657029804335196,0.5132535354043078,0.3734103084055528,0.47518998658918193,0.30185004409557975,0.34658625859156666,0.4642666421144709,0.18248175182481752,0.5751419181356439,0.6073390936288456
0.12090679315900314,0.03555811993370328,0.15401143721989444,2.0,0.019755909334775324,0.001866714342414519,0.41993957703927487,0.1886235876885401,0.13832612796148697,0.5025382772212932,0.3098869163808773,0.24497094322753687,0.2563616094584674,0.3164769771379197,0.4725606960320069,0.051094890510948905,0.5610994920824619,0.6698834989347973
0.10744987563990008,0.053315361136903036,0.22393696193313573,0.9867283438268015,2.0445723937990526e-05,0.010742342509415881,0.5405578974113725,0.318371554094372,0.20601648967744088,0.45564806242764555,0.3800432822988519,0.5668305766651766,0.3405990206378362,0.3603220993046795,0.5717618376014568,0.22430238582573134,0.7705407827905586,0.7172892623831117
0.5782047698559183,0.30941431165437144,0.35473656382982965,1.190262134256784,7.198801278071735e-05,0.01583383740719601,0.8187311178247735,0.5717704680803697,0.29129259252971235,0.37690077242607184,0.40129684506123625,0.5037997317836388,0.5149482478893237,0.37850539183066384,0.666987652563186,0.3198151898281845,0.8156558111741856,0.8423147625148246
0.00037014771083939866,0.00044607250132730806,0.047689673410867744,1.0930553811377623,0.0676274723373152,0.015918965287414103,0.5287009063444109,0.2333166360549897,0.04739345802462383,0.4255689832699093,0.3638336506638296,0.2239606616003576,0.16391997700454564,0.5426136363636364,0.5645841728398653,0.18248175182481752,0.6608903495667762,0.559607836947988
0.37017002600839827,0.5224947412739087,0.11464111450762927,1.255808112520407,0.001342273448683562,0.008684284261374535,0.45665772413963035,0.29839053262230225,0.07856069042220487,0.41493137184898166,0.37315611498492135,0.30086963458424926,0.35891531936721893,0.3358108263511707,0.5031502494753057,0.1884231697162243,0.6127822621765713,0.5970755841752164
0.002981526522517701,0.03172609855454732,0.00691056477186605,0.9303026497551175,0.02072165853339247,0.0027585671494353005,0.1570996978851964,0.058830077364056335,0.007034285116684368,0.5532203203210406,0.6952816422802115,0.19490388913723733,0.2922485386736154,0.3053977272727273,0.4010750606800426,0.0437956204379562,0.38362712877203475,0.16129872947324364
0.5208472707677702,0.45587801533293415,0.11752468567885138,0.7906567876428483,0.04120540173553056,0.002409475647921631,0.36858006042296076,0.14064674124784327,0.10005332215976076,0.5539801497082497,0.30394965423032216,0.20250335270451497,0.3019703994061207,0.36221590909090917,0.37608368033643,0.16204379562043794,0.3241708993128172,0.5678373639619292
0.03664173660585822,0.02905127975129842,0.025724456991051813,0.9069446188622379,0.012772079267143492,0.001181452996979485,0.0785498489425982,0.056548115990426875,0.02604194940311862,0.847274293170968,0.3492680988197608,0.13187304425569957,0.20475179208106786,0.24147727272727276,0.24072308631457434,0.1386861313868613,0.31700029877502245,0.3851418642524388
0.024019323928276205,0.02465681913133845,0.0250773550906572,1.7209594373979655,0.010325770074821253,0.0022014369606855465,0.13595166163141992,0.07547169811320754,0.010651832441821225,0.5729758843884776,0.44669099970494364,0.037103263299061245,0.175586209883552,0.32670454545454547,0.34364757991568784,0.1167883211678832,0.2452942933970721,0.29790887790466425
