iso_code,continent,location,date,total_cases,new_cases,new_cases_smoothed,total_deaths,new_deaths,new_deaths_smoothed,total_cases_per_million,new_cases_per_million,new_cases_smoothed_per_million,total_deaths_per_million,new_deaths_per_million,new_deaths_smoothed_per_million,total_tests,new_tests,total_tests_per_thousand,new_tests_per_thousand,new_tests_smoothed,new_tests_smoothed_per_thousand,tests_per_case,positive_rate,tests_units,stringency_index,population,population_density,median_age,aged_65_older,aged_70_older,gdp_per_capita,extreme_poverty,cardiovasc_death_rate,diabetes_prevalence,female_smokers,male_smokers,handwashing_facilities,hospital_beds_per_thousand,life_expectancy,human_development_index
ABW,North America,Aruba,2020-10-01,3963.0,29.0,34.571,27.0,1.0,0.28600000000000003,37118.558,271.622,323.806,252.889,9.366,2.676,,,,,,,,,,50.46,106766.0,584.8,41.2,13.085,7.452000000000001,35973.781,,,11.62,,,,,76.29,
AFG,Asia,Afghanistan,2020-10-01,39268.0,14.0,14.0,1458.0,0.0,1.0,1008.725,0.36,0.36,37.453,0.0,0.026000000000000002,,,,,,,,,,28.7,38928341.0,54.422,18.6,2.5810000000000004,1.337,1803.987,,597.029,9.59,,,37.746,0.5,64.83,0.498
AGO,Africa,Angola,2020-10-01,4972.0,67.0,105.14299999999999,182.0,3.0,3.8569999999999998,151.28,2.039,3.199,5.537999999999999,0.091,0.11699999999999999,,,,,,,,,,75.0,32866268.0,23.89,16.8,2.405,1.3619999999999999,5819.495,,276.045,3.94,,,26.664,,61.15,0.581
AIA,North America,Anguilla,2020-10-01,3.0,0.0,0.0,,0.0,0.0,199.97299999999998,0.0,0.0,,0.0,0.0,,,,,,,,,,,15002.0,,,,,,,,,,,,,81.88,
ALB,Europe,Albania,2020-10-01,13649.0,131.0,123.14299999999999,387.0,3.0,2.4290000000000003,4742.859,45.521,42.791000000000004,134.47799999999998,1.042,0.8440000000000001,,,,,,,,,,43.52,2877800.0,104.87100000000001,38.0,13.187999999999999,8.642999999999999,11803.431,1.1,304.195,10.08,7.1,51.2,,2.89,78.57,0.785
AND,Europe,Andorra,2020-10-01,2050.0,84.0,42.428999999999995,53.0,0.0,0.0,26532.065,1087.1680000000001,549.131,685.951,0.0,0.0,,,,,,,,,,50.0,77265.0,163.755,,,,,,109.135,7.97,29.0,37.8,,,83.73,0.858
ARE,Asia,United Arab Emirates,2020-10-01,94190.0,1100.0,951.429,419.0,3.0,1.857,9523.376,111.219,96.197,42.364,0.303,0.188,9795960.0,91234.0,990.451,9.225,95487.0,9.655,100.362,0.01,tests performed,52.78,9890400.0,112.44200000000001,34.0,1.1440000000000001,0.526,67293.483,,317.84,17.26,1.2,37.4,,1.2,77.97,0.863
ARG,South America,Argentina,2020-10-01,750988.0,14392.0,12312.714,16937.0,418.0,365.85699999999997,16616.331000000002,318.437,272.431,374.74699999999996,9.249,8.095,,,,,,,,,,87.96,45195777.0,16.177,31.9,11.198,7.441,18933.907,0.6,191.032,5.5,16.2,27.7,,5.0,76.67,0.825
ARM,Asia,Armenia,2020-10-01,50359.0,458.0,354.57099999999997,959.0,1.0,2.4290000000000003,16994.608,154.561,119.65700000000001,323.633,0.337,0.82,,,,,,,,,,,2963234.0,102.931,35.7,11.232000000000001,7.571000000000001,8787.58,1.8,341.01,7.11,1.5,52.1,94.04299999999999,4.2,75.09,0.755
ATG,North America,Antigua and Barbuda,2020-10-01,101.0,0.0,0.5710000000000001,3.0,0.0,0.0,1031.37,0.0,5.835,30.635,0.0,0.0,,,,,,,,,,,97928.0,231.845,32.1,6.933,4.631,21490.943,,191.511,13.17,,,,3.8,77.02,0.78
AUS,Oceania,Australia,2020-10-01,27063.0,0.0,12.857000000000001,882.0,0.0,3.286,1061.299,0.0,0.504,34.588,0.0,0.129,7679651.0,42248.0,301.164,1.6569999999999998,34046.0,1.335,2648.022,0.0,tests performed,68.06,25499881.0,3.202,37.9,15.504000000000001,10.129,44648.71,0.5,107.791,5.07,13.0,16.5,,3.84,83.44,0.9390000000000001
AUT,Europe,Austria,2020-10-01,45753.0,1146.0,742.143,799.0,3.0,3.1430000000000002,5080.054,127.243,82.402,88.715,0.33299999999999996,0.349,1636573.0,18586.0,181.71200000000002,2.064,18399.0,2.043,24.792,0.04,tests performed,40.74,9006400.0,106.749,44.4,19.202,13.748,45436.685999999994,0.7,145.183,6.35,28.4,30.9,,7.37,81.54,0.9079999999999999
AZE,Asia,Azerbaijan,2020-10-01,40229.0,110.0,100.714,591.0,1.0,1.571,3967.68,10.849,9.933,58.288999999999994,0.099,0.155,,,,,,,,,,68.98,10139175.0,119.309,32.4,6.018,3.8710000000000004,15847.419,,559.812,7.11,0.3,42.5,83.241,4.7,73.0,0.757
BDI,Africa,Burundi,2020-10-01,508.0,2.0,4.571000000000001,1.0,0.0,0.0,42.722,0.168,0.384,0.084,0.0,0.0,,,,,,,,,,11.11,11890781.0,423.06199999999995,17.5,2.562,1.504,702.225,71.7,293.068,6.05,,,6.144,0.8,61.58,0.41700000000000004
BEL,Europe,Belgium,2020-10-01,125581.0,3239.0,1984.714,10021.0,6.0,7.857,10835.648000000001,279.474,171.24900000000002,864.653,0.518,0.6779999999999999,3337117.0,41606.0,287.94,3.59,36566.0,3.155,18.424,0.054000000000000006,tests performed,45.37,11589616.0,375.564,41.8,18.570999999999998,12.849,42658.575999999994,0.2,114.898,4.29,25.1,31.4,,5.64,81.63,0.9159999999999999
BEN,Africa,Benin,2020-10-01,2357.0,17.0,4.571000000000001,41.0,1.0,0.14300000000000002,194.421,1.402,0.377,3.3819999999999997,0.08199999999999999,0.012,,,,,,,,,,47.22,12123198.0,99.11,18.8,3.2439999999999998,1.942,2064.236,49.6,235.84799999999998,0.99,0.6,12.3,11.035,0.5,61.77,0.515
BES,North America,Bonaire Sint Eustatius and Saba,2020-10-01,106.0,0.0,5.2860000000000005,1.0,0.0,0.0,4042.5609999999997,0.0,201.583,38.137,0.0,0.0,,,,,,,,,,,26221.0,,,,,,,,,,,,,77.79,
BFA,Africa,Burkina Faso,2020-10-01,2056.0,24.0,18.143,58.0,0.0,0.28600000000000003,98.35799999999999,1.148,0.868,2.775,0.0,0.013999999999999999,,,,,,,,,,36.11,20903278.0,70.15100000000001,17.6,2.4090000000000003,1.358,1703.102,43.7,269.048,2.42,1.6,23.9,11.877,0.4,61.58,0.423
BGD,Asia,Bangladesh,2020-10-01,363479.0,1436.0,1376.4289999999999,5251.0,32.0,29.570999999999998,2207.058,8.719,8.357999999999999,31.884,0.19399999999999998,0.18,1962038.0,11420.0,11.914000000000001,0.069,11934.0,0.07200000000000001,8.67,0.115,tests performed,80.09,164689383.0,1265.036,27.5,5.098,3.262,3523.9840000000004,14.8,298.003,8.38,1.0,44.7,34.808,0.8,72.59,0.608
BGR,Europe,Bulgaria,2020-10-01,20833.0,286.0,221.429,825.0,11.0,6.571000000000001,2998.225,41.16,31.866999999999997,118.73200000000001,1.5830000000000002,0.946,529292.0,4943.0,76.17399999999999,0.711,3120.0,0.449,14.09,0.071,tests performed,35.19,6948445.0,65.18,44.7,20.801,13.272,18563.307,1.5,424.68800000000005,5.81,30.1,44.4,,7.454,75.05,0.813
BHR,Asia,Bahrain,2020-10-01,70864.0,442.0,637.429,252.0,6.0,3.0,41645.926,259.758,374.60900000000004,148.097,3.5260000000000002,1.7630000000000001,1439332.0,9900.0,845.878,5.818,8747.0,5.141,13.722,0.073,units unclear,63.89,1701583.0,1935.9070000000002,32.4,2.372,1.3869999999999998,43290.705,,151.689,16.52,5.8,37.6,,2.0,77.29,0.846
BHS,North America,Bahamas,2020-10-01,4123.0,220.0,72.143,96.0,5.0,2.286,10484.478000000001,559.443,183.454,244.12099999999998,12.715,5.812,,,,,,,,,,,393248.0,39.497,34.3,8.996,5.2,27717.847,,235.954,13.17,3.1,20.4,,2.9,73.92,0.807
BIH,Europe,Bosnia and Herzegovina,2020-10-01,27465.0,243.0,197.71400000000003,849.0,13.0,8.429,8371.396,74.067,60.263999999999996,258.777,3.9619999999999997,2.569,,,,,,,,,,40.74,3280815.0,68.49600000000001,42.5,16.569000000000003,10.710999999999999,11713.895,0.2,329.635,10.08,30.2,47.7,97.164,3.5,77.4,0.768
BLR,Europe,Belarus,2020-10-01,78631.0,371.0,324.857,833.0,5.0,5.2860000000000005,8321.339,39.262,34.379,88.154,0.529,0.5589999999999999,,,,,,,,,,11.11,9449321.0,46.858000000000004,40.3,14.799000000000001,9.788,17167.967,,443.129,5.18,10.5,46.1,,11.0,74.79,0.8079999999999999
BLZ,North America,Belize,2020-10-01,1992.0,49.0,40.857,27.0,1.0,0.7140000000000001,5009.795999999999,123.23299999999999,102.75399999999999,67.904,2.515,1.796,,,,,,,,,,69.44,397621.0,16.426,25.0,3.853,2.279,7824.361999999999,,176.957,17.11,,,90.083,1.3,74.62,0.708
BMU,North America,Bermuda,2020-10-01,181.0,0.0,0.0,9.0,0.0,0.0,2906.5570000000002,0.0,0.0,144.525,0.0,0.0,,,,,,,,,,31.48,62273.0,1308.82,,,,50669.315,,139.547,13.0,,,,,82.59,
BOL,South America,Bolivia,2020-10-01,135311.0,670.0,474.42900000000003,7965.0,34.0,33.429,11591.764,57.397,40.643,682.342,2.9130000000000003,2.864,300409.0,1412.0,25.735,0.121,1344.0,0.115,2.833,0.353,tests performed,81.48,11673029.0,10.202,25.4,6.704,4.393,6885.829000000001,7.1,204.299,6.89,,,25.383000000000003,1.1,71.51,0.693
BRA,South America,Brazil,2020-10-01,4810935.0,33413.0,26578.571,143952.0,1031.0,710.7139999999999,22633.366,157.194,125.041,677.232,4.85,3.344,,,,,,,,,,67.13,212559409.0,25.04,33.5,8.552,5.06,14103.452,3.4,177.96099999999998,8.11,10.1,17.9,,2.2,75.88,0.759
BRB,North America,Barbados,2020-10-01,190.0,0.0,0.14300000000000002,7.0,0.0,0.0,661.166,0.0,0.49700000000000005,24.359,0.0,0.0,,,,,,,,,,31.48,287371.0,664.4630000000001,39.8,14.952,9.472999999999999,16978.068,,170.05,13.57,1.9,14.5,88.469,5.8,79.19,0.8
BRN,Asia,Brunei,2020-10-01,146.0,0.0,0.14300000000000002,3.0,0.0,0.0,333.727,0.0,0.327,6.857,0.0,0.0,,,,,,,,,,35.19,437483.0,81.347,32.4,4.591,2.3819999999999997,71809.25099999999,,201.285,12.79,2.0,30.9,,2.7,75.86,0.853
BTN,Asia,Bhutan,2020-10-01,282.0,1.0,3.0,,0.0,0.0,365.469,1.296,3.888,,0.0,0.0,,,,,,,,,,71.3,771612.0,21.188000000000002,28.6,4.885,2.977,8708.597,1.5,217.06599999999997,9.75,,,79.807,1.7,71.78,0.612
BWA,Africa,Botswana,2020-10-01,3172.0,0.0,86.429,16.0,0.0,0.429,1348.855,0.0,36.753,6.803999999999999,0.0,0.182,,,,,,,,,,63.89,2351625.0,4.044,25.8,3.9410000000000003,2.242,15807.374,,237.372,4.81,5.7,34.4,,1.8,69.59,0.7170000000000001
CAF,Africa,Central African Republic,2020-10-01,4829.0,4.0,3.8569999999999998,62.0,0.0,0.0,999.842,0.828,0.799,12.837,0.0,0.0,,,,,,,,,,56.48,4829764.0,7.479,18.3,3.655,2.251,661.24,,435.727,6.1,,,16.602999999999998,1.0,53.28,0.36700000000000005
CAN,North America,Canada,2020-10-01,158758.0,1797.0,1572.1429999999998,9297.0,6.0,7.7139999999999995,4206.384,47.613,41.655,246.329,0.159,0.204,7355960.0,60936.0,194.9,1.615,74614.0,1.9769999999999999,47.46,0.021,people tested,60.65,37742157.0,4.037,41.4,16.984,10.797,44017.59099999999,0.5,105.59899999999999,7.37,12.0,16.6,,2.5,82.43,0.9259999999999999
CHE,Europe,Switzerland,2020-10-01,53162.0,411.0,311.143,1782.0,1.0,1.429,6142.616999999999,47.489,35.951,205.90200000000002,0.11599999999999999,0.165,1396702.0,12059.0,161.382,1.393,9414.0,1.088,30.256,0.033,tests performed,43.06,8654618.0,214.243,43.1,18.436,12.644,57410.166,,99.73899999999999,5.59,22.6,28.9,,4.53,83.78,0.9440000000000001
CHL,South America,Chile,2020-10-01,462991.0,1691.0,1869.714,12741.0,16.0,56.571000000000005,24219.813,88.459,97.80799999999999,666.502,0.8370000000000001,2.9589999999999996,3347825.0,33533.0,175.13,1.754,34665.0,1.8130000000000002,18.54,0.054000000000000006,tests performed,83.8,19116209.0,24.281999999999996,35.4,11.087,6.938,22767.037,1.3,127.993,8.46,34.2,41.5,,2.11,80.18,0.843
CHN,Asia,China,2020-10-01,90528.0,0.0,17.0,4739.0,0.0,0.14300000000000002,62.896,0.0,0.012,3.293,0.0,0.0,,,,,,,,,,54.17,1439323774.0,147.674,38.7,10.640999999999998,5.928999999999999,15308.712,0.7,261.899,9.74,1.9,48.4,,4.34,76.91,0.752
CIV,Africa,Cote d'Ivoire,2020-10-01,19724.0,55.0,42.0,120.0,0.0,0.0,747.737,2.085,1.5919999999999999,4.5489999999999995,0.0,0.0,163715.0,934.0,6.206,0.035,1046.0,0.04,24.905,0.04,samples tested,32.41,26378275.0,76.399,18.7,2.9330000000000003,1.5819999999999999,3601.006,28.2,303.74,2.42,,,19.351,,57.78,0.49200000000000005
CMR,Africa,Cameroon,2020-10-01,20838.0,0.0,21.143,418.0,0.0,0.28600000000000003,784.9810000000001,0.0,0.7959999999999999,15.745999999999999,0.0,0.011000000000000001,,,,,,,,,,52.78,26545864.0,50.885,18.8,3.165,1.919,3364.926,23.8,244.66099999999997,7.2,,,2.735,1.3,59.29,0.556
COD,Africa,Democratic Republic of Congo,2020-10-01,10659.0,29.0,17.570999999999998,272.0,1.0,0.28600000000000003,119.01299999999999,0.324,0.196,3.037,0.011000000000000001,0.003,,253.0,,0.003,199.0,0.002,11.325,0.08800000000000001,samples tested,39.81,89561404.0,35.879,17.0,3.02,1.745,808.133,77.1,318.949,6.1,,,4.4719999999999995,,60.68,0.457
COG,Africa,Congo,2020-10-01,5089.0,0.0,12.0,89.0,0.0,0.0,922.2389999999999,0.0,2.175,16.129,0.0,0.0,,,,,,,,,,56.48,5518092.0,15.405,19.0,3.4019999999999997,2.063,4881.406,37.0,344.094,7.2,1.7,52.3,47.964,,64.57,0.606
COL,South America,Colombia,2020-10-01,829679.0,5637.0,6487.286,25998.0,170.0,178.857,16305.66,110.78399999999999,127.494,510.93800000000005,3.341,3.515,3370811.0,23504.0,66.24600000000001,0.462,23291.0,0.45799999999999996,,,samples tested,71.3,50882884.0,44.223,32.2,7.646,4.312,13254.948999999999,4.5,124.24,7.44,4.7,13.5,65.38600000000001,1.71,77.29,0.747
COM,Africa,Comoros,2020-10-01,479.0,0.0,1.286,7.0,0.0,0.0,550.831,0.0,1.479,8.05,0.0,0.0,,,,,,,,,,,869595.0,437.352,20.4,2.963,1.726,1413.89,18.1,261.51599999999996,11.88,4.4,23.6,15.574000000000002,2.2,64.32,0.503
CPV,Africa,Cape Verde,2020-10-01,6024.0,124.0,87.429,60.0,1.0,0.857,10834.766000000001,223.02599999999998,157.249,107.916,1.7990000000000002,1.5419999999999998,,,,,,,,,,68.98,555988.0,135.58,25.7,4.46,3.437,6222.554,,182.21900000000002,2.42,2.1,16.5,,2.1,72.98,0.654
CRI,North America,Costa Rica,2020-10-01,75760.0,1156.0,1100.143,904.0,24.0,17.570999999999998,14872.066,226.929,215.96400000000003,177.46,4.711,3.449,206891.0,1852.0,40.614000000000004,0.364,2393.0,0.47,,,people tested (incl. non-PCR),62.96,5094114.0,96.079,33.6,9.468,5.694,15524.995,1.3,137.97299999999998,8.78,6.4,17.4,83.84100000000001,1.13,80.28,0.794
CUB,North America,Cuba,2020-10-01,5597.0,66.0,46.714,122.0,0.0,0.5710000000000001,494.14599999999996,5.827000000000001,4.124,10.770999999999999,0.0,0.05,628725.0,7545.0,55.50899999999999,0.6659999999999999,7368.0,0.6509999999999999,157.725,0.006,tests performed,78.7,11326616.0,110.40799999999999,43.1,14.738,9.719,,,190.968,8.27,17.1,53.3,85.198,5.2,78.8,0.777
CUW,North America,Curacao,2020-10-01,392.0,22.0,13.0,1.0,0.0,0.0,2388.7870000000003,134.065,79.22,6.093999999999999,0.0,0.0,,,,,,,,,,,164100.0,362.644,41.7,16.367,10.068,,,,11.62,,,,,78.88,
CYM,North America,Cayman Islands,2020-10-01,211.0,0.0,0.14300000000000002,1.0,0.0,0.0,3210.59,0.0,2.174,15.216,0.0,0.0,,,,,,,,,,,65720.0,256.496,,,,49903.029,,,13.22,,,,,83.92,
CYP,Europe,Cyprus,2020-10-01,1755.0,12.0,14.429,22.0,0.0,0.0,2003.656,13.7,16.473,25.116999999999997,0.0,0.0,384959.0,2454.0,439.50199999999995,2.802,2846.0,3.2489999999999997,197.248,0.005,tests performed,53.7,875899.0,127.65700000000001,37.3,13.415999999999999,8.562999999999999,32415.132,,141.171,9.24,19.6,52.7,,3.4,80.98,0.8690000000000001
CZE,Europe,Czech Republic,2020-10-01,68919.0,1076.0,1922.1429999999998,655.0,19.0,14.286,6435.626,100.476,179.489,61.163999999999994,1.774,1.334,1412199.0,23906.0,131.871,2.2319999999999998,17782.0,1.66,9.251,0.108,tests performed,38.89,10708982.0,137.17600000000002,43.3,19.027,11.58,32605.906000000003,,227.485,6.82,30.5,38.3,,6.63,79.38,0.888
DEU,Europe,Germany,2020-10-01,291722.0,2503.0,1950.286,9500.0,12.0,10.286,3481.837,29.874000000000002,23.278000000000002,113.387,0.14300000000000002,0.12300000000000001,,,,,161580.0,1.929,82.84899999999998,0.012,tests performed,46.76,83783945.0,237.016,46.6,21.453000000000003,15.957,45229.245,,156.139,8.31,28.2,33.1,,8.0,81.33,0.9359999999999999
DJI,Africa,Djibouti,2020-10-01,5416.0,0.0,1.286,61.0,0.0,0.0,5481.77,0.0,1.301,61.74100000000001,0.0,0.0,,,,,,,,,,37.96,988002.0,41.285,25.4,4.213,2.38,2705.406,22.5,258.03700000000003,6.05,1.7,24.5,,1.4,67.11,0.47600000000000003
DMA,North America,Dominica,2020-10-01,31.0,7.0,1.0,,0.0,0.0,430.60900000000004,97.234,13.890999999999998,,0.0,0.0,,,,,,,,,,25.0,71991.0,98.56700000000001,,,,9673.367,,227.37599999999998,11.62,,,,3.8,75.0,0.715
DNK,Europe,Denmark,2020-10-01,27998.0,534.0,520.143,650.0,0.0,1.0,4833.7390000000005,92.193,89.801,112.22,0.0,0.17300000000000001,3930797.0,44466.0,678.6360000000001,7.6770000000000005,46784.0,8.077,89.945,0.011,tests performed,50.93,5792203.0,136.52,42.3,19.677,12.325,46682.515,0.2,114.76700000000001,6.41,19.3,18.8,,2.5,80.9,0.929
DOM,North America,Dominican Republic,2020-10-01,112209.0,309.0,353.14300000000003,2105.0,4.0,4.428999999999999,10343.841999999999,28.485,32.554,194.047,0.369,0.408,,,,,3238.0,0.298,9.169,0.109,samples tested,75.93,10847904.0,222.873,27.6,6.981,4.419,14600.861,1.6,266.653,8.2,8.5,19.1,55.181999999999995,1.6,74.08,0.736
DZA,Africa,Algeria,2020-10-01,51530.0,162.0,161.429,1734.0,8.0,5.143,1175.115,3.694,3.681,39.543,0.182,0.11699999999999999,,,,,,,,,,75.93,43851043.0,17.348,29.1,6.211,3.8569999999999998,13913.839,0.5,278.36400000000003,6.73,0.7,30.4,83.741,1.9,76.88,0.754
ECU,South America,Ecuador,2020-10-01,137047.0,1298.0,1022.143,11355.0,43.0,26.285999999999998,7767.757,73.57,57.935,643.596,2.437,1.49,365003.0,5085.0,20.688000000000002,0.28800000000000003,3939.0,0.223,,,people tested,48.61,17643060.0,66.939,28.1,7.104,4.458,10581.936000000002,3.6,140.44799999999998,5.55,2.0,12.3,80.635,1.5,77.01,0.752
EGY,Africa,Egypt,2020-10-01,103198.0,119.0,117.571,5930.0,16.0,15.429,1008.439,1.163,1.149,57.946999999999996,0.156,0.151,,,,,,,,,,62.96,102334403.0,97.999,25.3,5.159,2.891,10550.206,1.3,525.432,17.31,0.2,50.1,89.82700000000001,1.6,71.99,0.696
ERI,Africa,Eritrea,2020-10-01,375.0,0.0,1.571,,0.0,0.0,105.74,0.0,0.44299999999999995,,0.0,0.0,,,,,,,,,,86.11,3546427.0,44.303999999999995,19.3,3.6069999999999998,2.171,1510.4589999999998,,311.11,6.05,0.2,11.4,,0.7,66.32,0.44
ESH,Africa,Western Sahara,2020-10-01,766.0,0.0,0.0,1.0,0.0,0.0,1282.373,0.0,0.0,1.6740000000000002,0.0,0.0,,,,,,,,,,,597330.0,,28.4,,1.38,,,,,,,,,70.26,
ESP,Europe,Spain,2020-10-01,778607.0,9419.0,10628.286,31973.0,182.0,122.14299999999999,16652.991,201.455,227.32,683.8439999999999,3.8930000000000002,2.612,10121252.0,,216.475,,111761.0,2.39,10.515,0.095,tests performed,55.09,46754783.0,93.105,45.5,19.436,13.799000000000001,34272.36,1.0,99.40299999999999,7.17,27.4,31.4,,2.97,83.56,0.8909999999999999
EST,Europe,Estonia,2020-10-01,3371.0,56.0,48.286,64.0,0.0,0.0,2541.199,42.215,36.4,48.246,0.0,0.0,217692.0,2026.0,164.105,1.527,2543.0,1.9169999999999998,52.666,0.019,tests performed,22.22,1326539.0,31.033,42.7,19.452,13.491,29481.252,0.5,255.56900000000002,4.02,24.5,39.3,,4.69,78.74,0.871
ETH,Africa,Ethiopia,2020-10-01,75368.0,784.0,612.143,1198.0,7.0,8.142999999999999,655.582,6.82,5.325,10.421,0.061,0.071,1278827.0,6475.0,11.124,0.055999999999999994,6312.0,0.055,10.311,0.097,tests performed,77.78,114963583.0,104.95700000000001,19.8,3.5260000000000002,2.063,1729.9270000000001,26.7,182.63400000000001,7.47,0.4,8.5,7.96,0.3,66.6,0.46299999999999997
FIN,Europe,Finland,2020-10-01,9992.0,100.0,100.571,344.0,1.0,0.14300000000000002,1803.376,18.048,18.151,62.086000000000006,0.18,0.026000000000000002,1115829.0,10876.0,201.387,1.963,12479.0,2.252,124.081,0.008,samples tested,32.41,5540718.0,18.136,42.8,21.228,13.264000000000001,40585.721,,153.507,5.76,18.3,22.6,,3.28,81.91,0.92
FJI,Oceania,Fiji,2020-10-01,32.0,0.0,0.0,2.0,0.0,0.0,35.696999999999996,0.0,0.0,2.231,0.0,0.0,10825.0,39.0,12.075,0.044000000000000004,87.0,0.09699999999999999,,0.0,tests performed,48.15,896444.0,49.562,28.6,6.224,3.284,8702.975,1.4,412.82,14.49,10.2,34.8,,2.3,67.44,0.741
FLK,South America,Falkland Islands,2020-10-01,13.0,0.0,0.0,,0.0,0.0,3732.415,0.0,0.0,,0.0,0.0,,,,,,,,,,,3483.0,,,,,,,,,,,,,81.44,
FRA,Europe,France,2020-10-01,563535.0,12845.0,11770.571000000002,31956.0,63.0,71.0,8633.440999999999,196.787,180.327,489.57099999999997,0.965,1.088,,194635.0,,2.9819999999999998,161220.0,2.47,13.697,0.073,tests performed,46.76,65273512.0,122.57799999999999,42.0,19.718,13.079,38605.671,,86.06,4.77,30.1,35.6,,5.98,82.66,0.9009999999999999
FRO,Europe,Faeroe Islands,2020-10-01,467.0,4.0,2.286,,0.0,0.0,9556.943000000001,81.858,46.776,,0.0,0.0,,,,,,,,,,,48865.0,35.308,,,,,,,,,,,,80.67,
GAB,Africa,Gabon,2020-10-01,8766.0,14.0,7.143,54.0,0.0,0.0,3938.487,6.29,3.2089999999999996,24.261999999999997,0.0,0.0,,,,,,,,,,66.67,2225728.0,7.859,23.1,4.45,2.9760000000000004,16562.413,3.4,259.967,7.2,,,,6.3,66.47,0.7020000000000001
GBR,Europe,United Kingdom,2020-10-01,453264.0,7108.0,6219.286,42143.0,71.0,40.143,6676.84,104.705,91.61399999999999,620.7909999999999,1.046,0.591,20964429.0,233861.0,308.818,3.445,234175.0,3.45,37.653,0.027000000000000003,tests performed,67.59,67886004.0,272.89799999999997,40.8,18.517,12.527000000000001,39753.244,0.2,122.137,4.28,20.0,24.7,,2.54,81.32,0.922
GEO,Asia,Georgia,2020-10-01,6640.0,774.0,320.143,39.0,6.0,2.0,1664.505,194.025,80.253,9.776,1.504,0.501,,,,,,,,,,56.48,3989175.0,65.032,38.7,14.864,10.244000000000002,9745.079,4.2,496.218,7.11,5.3,55.5,,2.6,73.77,0.78
GGY,Europe,Guernsey,2020-10-01,256.0,0.0,0.0,13.0,0.0,0.0,3817.9320000000002,0.0,0.0,193.87900000000002,0.0,0.0,,,,,,,,,,,67052.0,,,,,,,,,,,,,,
GHA,Africa,Ghana,2020-10-01,46656.0,174.0,71.857,301.0,0.0,0.28600000000000003,1501.499,5.6,2.313,9.687000000000001,0.0,0.009000000000000001,488427.0,755.0,15.719000000000001,0.024,1332.0,0.043,18.537,0.054000000000000006,samples tested,44.44,31072945.0,126.719,21.1,3.385,1.9480000000000002,4227.63,12.0,298.245,4.97,0.3,7.7,41.047,0.9,64.07,0.5920000000000001
GIB,Europe,Gibraltar,2020-10-01,396.0,5.0,5.571000000000001,,0.0,0.0,11753.881000000001,148.408,165.368,,0.0,0.0,,,,,,,,,,,33691.0,3457.1,,,,,,,,,,,,79.93,
GIN,Africa,Guinea,2020-10-01,10652.0,18.0,31.143,66.0,0.0,0.14300000000000002,811.0989999999999,1.371,2.371,5.026,0.0,0.011000000000000001,,,,,,,,,,48.15,13132792.0,51.755,19.0,3.135,1.733,1998.9260000000002,35.3,336.717,2.42,,,17.45,0.3,61.6,0.45899999999999996
GMB,Africa,Gambia,2020-10-01,3579.0,0.0,5.2860000000000005,112.0,0.0,0.28600000000000003,1480.967,0.0,2.187,46.345,0.0,0.11800000000000001,,,,,,,,,,75.93,2416664.0,207.56599999999997,17.5,2.339,1.4169999999999998,1561.767,10.1,331.43,1.91,0.7,31.2,7.876,1.1,62.05,0.46
GNB,Africa,Guinea-Bissau,2020-10-01,2324.0,0.0,3.0,39.0,0.0,0.0,1180.896,0.0,1.524,19.817,0.0,0.0,,,,,,,,,,,1967998.0,66.191,19.4,3.002,1.565,1548.675,67.1,382.474,2.42,,,6.403,,58.32,0.455
GNQ,Africa,Equatorial Guinea,2020-10-01,5030.0,0.0,1.714,83.0,0.0,0.0,3585.2129999999997,0.0,1.222,59.16,0.0,0.0,,,,,,,,,,,1402985.0,45.193999999999996,22.4,2.846,1.7519999999999998,22604.873,,202.812,7.78,,,24.64,2.1,58.74,0.591
GRC,Europe,Greece,2020-10-01,18475.0,352.0,312.714,391.0,3.0,4.857,1772.513,33.771,30.002,37.513000000000005,0.28800000000000003,0.466,1318336.0,10787.0,126.48299999999999,1.035,10282.0,0.986,32.88,0.03,samples tested,46.76,10423056.0,83.479,45.3,20.396,14.524000000000001,24574.382,1.5,175.695,4.55,35.3,52.0,,4.21,82.24,0.87
GRD,North America,Grenada,2020-10-01,24.0,0.0,0.0,,0.0,0.0,213.297,0.0,0.0,,0.0,0.0,,,,,,,,,,,112519.0,317.132,29.4,7.303999999999999,5.021,13593.877,,243.96400000000003,10.71,,,,3.7,72.4,0.772
GRL,North America,Greenland,2020-10-01,14.0,0.0,0.0,,0.0,0.0,246.6,0.0,0.0,,0.0,0.0,,,,,,,,,,33.33,56772.0,0.13699999999999998,,,,,,199.94099999999997,2.16,,,,,71.7,
GTM,North America,Guatemala,2020-10-01,91746.0,778.0,614.857,3246.0,8.0,13.142999999999999,5121.021,43.426,34.32,181.183,0.447,0.7340000000000001,329088.0,4626.0,18.369,0.258,3556.0,0.198,5.783,0.173,people tested (incl. non-PCR),42.13,17915567.0,157.834,22.9,4.694,3.016,7423.808000000001,8.7,155.898,10.18,,,76.665,0.6,74.3,0.65
GUM,Oceania,Guam,2020-10-01,2443.0,0.0,29.714000000000002,47.0,0.0,1.286,14474.207,0.0,176.05,278.464,0.0,7.617999999999999,,,,,,,,,,66.67,168783.0,304.128,31.4,9.551,5.492999999999999,,,310.496,21.52,,,,,80.07,
GUY,South America,Guyana,2020-10-01,2894.0,48.0,51.286,80.0,2.0,1.571,3679.317,61.025,65.203,101.709,2.543,1.9980000000000002,,,,,,,,,,79.17,786559.0,3.952,26.3,5.305,2.8369999999999997,7435.047,,373.159,11.62,,,77.15899999999999,1.6,69.91,0.654
HKG,Asia,Hong Kong,2020-10-01,,,,,,,,,,,,,,,,,11423.0,1.524,,,tests performed,59.26,7496988.0,7039.714,44.8,16.303,10.158,56054.92,,,8.33,,,,,84.86,0.9329999999999999
HND,North America,Honduras,2020-10-01,76900.0,802.0,603.571,2353.0,30.0,18.714000000000002,7764.063,80.972,60.938,237.56599999999997,3.029,1.889,,,,,,,,,,84.26,9904608.0,82.805,24.9,4.652,2.883,4541.795,16.0,240.208,7.21,2.0,,84.169,0.7,75.27,0.617
HRV,Europe,Croatia,2020-10-01,16593.0,213.0,179.0,280.0,5.0,3.286,4041.88,51.885,43.603,68.205,1.218,0.8,312406.0,5322.0,76.09899999999999,1.296,4767.0,1.161,26.631,0.038,people tested,28.7,4105268.0,73.726,44.0,19.724,13.052999999999999,22669.797000000002,0.7,253.782,5.59,34.3,39.9,,5.54,78.49,0.831
HTI,North America,Haiti,2020-10-01,8766.0,19.0,17.143,229.0,0.0,0.5710000000000001,768.7769999999999,1.666,1.5030000000000001,20.083,0.0,0.05,,,,,,,,,,43.52,11402533.0,398.44800000000004,24.3,4.8,2.9539999999999997,1653.1729999999998,23.5,430.548,6.65,2.9,23.1,22.863000000000003,0.7,64.0,0.498
HUN,Europe,Hungary,2020-10-01,27309.0,848.0,872.7139999999999,781.0,16.0,10.286,2826.9159999999997,87.781,90.34,80.846,1.656,1.065,727649.0,11972.0,75.32300000000001,1.239,10030.0,1.038,11.493,0.087,tests performed,40.74,9660350.0,108.04299999999999,43.4,18.577,11.975999999999999,26777.561,0.5,278.296,7.55,26.8,34.8,,7.02,76.88,0.838
IDN,Asia,Indonesia,2020-10-01,287008.0,4284.0,4231.429,10740.0,139.0,109.0,1049.299,15.662,15.47,39.265,0.508,0.39899999999999997,2023990.0,30296.0,7.4,0.111,27092.0,0.099,6.403,0.156,people tested,68.98,273523621.0,145.725,29.3,5.319,3.053,11188.743999999999,5.7,342.86400000000003,6.32,2.8,76.1,64.204,1.04,71.72,0.6940000000000001
IMN,Europe,Isle of Man,2020-10-01,340.0,0.0,0.0,24.0,0.0,0.0,3998.495,0.0,0.0,282.247,0.0,0.0,,,,,,,,,,,85032.0,147.872,,,,,,,,,,,,81.4,
IND,Asia,India,2020-10-01,6312584.0,86821.0,82866.571,98678.0,1181.0,1075.5710000000001,4574.322,62.913999999999994,60.048,71.506,0.856,0.779,75619781.0,1423052.0,54.797,1.031,1169107.0,0.847,14.108,0.071,samples tested,73.61,1380004385.0,450.41900000000004,28.2,5.989,3.4139999999999997,6426.674,21.2,282.28,10.39,1.9,20.6,59.55,0.53,69.66,0.64
IRL,Europe,Ireland,2020-10-01,36155.0,415.0,354.286,1804.0,1.0,1.429,7322.093000000001,84.046,71.75,365.345,0.203,0.289,1195509.0,14524.0,242.114,2.9410000000000003,12648.0,2.5610000000000004,35.7,0.028,tests performed,52.31,4937796.0,69.874,38.7,13.927999999999999,8.677999999999999,67335.293,0.2,126.459,3.28,23.0,25.7,,2.96,82.3,0.938
IRN,Asia,Iran,2020-10-01,457219.0,3582.0,3488.7140000000004,26169.0,183.0,189.857,5443.54,42.646,41.536,311.562,2.1790000000000003,2.26,,,,,27987.0,0.33299999999999996,8.022,0.125,tests performed,54.63,83992953.0,49.831,32.4,5.44,3.182,19082.62,0.2,270.308,9.59,0.8,21.1,,1.5,76.68,0.7979999999999999
IRQ,Asia,Iraq,2020-10-01,362981.0,4691.0,4335.143,9181.0,59.0,61.0,9024.327,116.626,107.779,228.255,1.4669999999999999,1.517,2289877.0,23522.0,56.93,0.585,21142.0,0.526,4.877,0.205,samples tested,73.15,40222503.0,88.125,20.0,3.1860000000000004,1.9569999999999999,15663.986,2.5,218.612,8.83,,,94.57600000000001,1.4,70.6,0.685
ISL,Europe,Iceland,2020-10-01,2728.0,33.0,36.0,10.0,0.0,0.0,7994.139,96.70299999999999,105.495,29.304000000000002,0.0,0.0,131153.0,1269.0,384.33099999999996,3.719,1448.0,4.243,40.222,0.025,tests performed,31.48,341250.0,3.404,37.3,14.431,9.207,46482.958,0.2,117.992,5.31,14.3,15.2,,2.91,82.99,0.935
ISR,Asia,Israel,2020-10-01,248133.0,11207.0,6206.143,1571.0,43.0,35.143,28667.532000000003,1294.778,717.0139999999999,181.502,4.968,4.06,3806804.0,65943.0,439.811,7.619,44765.0,5.172000000000001,7.212999999999999,0.139,tests performed,85.19,8655541.0,402.606,30.6,11.732999999999999,7.359,33132.32,0.5,93.32,6.74,15.4,35.4,,2.99,82.97,0.903
ITA,Europe,Italy,2020-10-01,314861.0,1850.0,1760.5710000000001,35894.0,19.0,19.429000000000002,5207.6,30.598000000000003,29.119,593.664,0.314,0.321,6916588.0,67833.0,114.396,1.122,56561.0,0.935,32.126999999999995,0.031,people tested,43.52,60461828.0,205.859,47.9,23.021,16.24,35220.084,2.0,113.15100000000001,4.78,19.8,27.8,,3.18,83.51,0.88
JAM,North America,Jamaica,2020-10-01,6462.0,80.0,155.571,107.0,7.0,4.428999999999999,2182.252,27.016,52.537,36.134,2.364,1.496,79445.0,534.0,26.829,0.18,585.0,0.198,3.76,0.266,samples tested,78.7,2961161.0,266.879,31.4,9.684,6.39,8193.571,,206.537,11.28,5.3,28.6,66.425,1.7,74.47,0.732
JEY,Europe,Jersey,2020-10-01,414.0,5.0,2.1430000000000002,32.0,0.0,0.0,4096.049,49.468999999999994,21.201,316.603,0.0,0.0,,,,,,,,,,,101073.0,,,,,,,,,,,,,,
JOR,Asia,Jordan,2020-10-01,11825.0,1776.0,826.143,61.0,4.0,3.714,1158.9569999999999,174.06400000000002,80.969,5.979,0.392,0.364,,,,,,,,,,63.89,10203140.0,109.285,23.2,3.81,2.3609999999999998,8337.49,0.1,208.257,11.75,,,,1.4,74.53,0.735
JPN,Asia,Japan,2020-10-01,83010.0,0.0,424.14300000000003,1564.0,0.0,6.2860000000000005,656.328,0.0,3.3539999999999996,12.366,0.0,0.05,,,,,19952.0,0.158,47.041,0.021,tests performed,31.48,126476458.0,347.778,48.2,27.049,18.493,39002.223,,79.37,5.72,11.2,33.7,,13.05,84.63,0.909
KAZ,Asia,Kazakhstan,2020-10-01,140958.0,251.0,238.429,2080.0,2.0,5.0,7507.066999999999,13.368,12.698,110.77600000000001,0.107,0.266,2973489.0,9208.0,158.361,0.49,13415.0,0.7140000000000001,56.264,0.018000000000000002,tests performed,78.7,18776707.0,6.681,30.6,6.9910000000000005,4.625,24055.588,0.1,466.792,7.11,7.0,43.1,98.999,6.7,73.6,0.8
KEN,Africa,Kenya,2020-10-01,38529.0,151.0,168.71400000000003,711.0,4.0,6.7139999999999995,716.535,2.8080000000000003,3.138,13.222999999999999,0.07400000000000001,0.125,552646.0,4700.0,10.277999999999999,0.087,3620.0,0.067,21.456,0.047,samples tested,67.59,53771300.0,87.324,20.0,2.6860000000000004,1.528,2993.028,36.8,218.637,2.92,1.2,20.4,24.651,1.4,66.7,0.59
KGZ,Asia,Kyrgyzstan,2020-10-01,46841.0,172.0,154.857,1065.0,1.0,0.28600000000000003,7179.5869999999995,26.363000000000003,23.736,163.239,0.153,0.044000000000000004,,,,,,,,,,67.13,6524191.0,32.333,26.3,4.489,2.8819999999999997,3393.474,1.4,436.36199999999997,7.11,3.6,50.5,89.22,4.5,71.45,0.672
KHM,Asia,Cambodia,2020-10-01,277.0,0.0,0.28600000000000003,,0.0,0.0,16.567999999999998,0.0,0.017,,0.0,0.0,,,,,,,,,,37.04,16718971.0,90.67200000000001,25.6,4.412,2.385,3645.07,,270.892,4.0,2.0,33.7,66.229,0.8,69.82,0.5820000000000001
KNA,North America,Saint Kitts and Nevis,2020-10-01,19.0,0.0,0.0,,0.0,0.0,357.19699999999995,0.0,0.0,,0.0,0.0,,,,,,,,,,,53192.0,212.865,,,,24654.385,,,12.84,,,,2.3,76.23,0.778
KOR,Asia,South Korea,2020-10-01,23812.0,0.0,67.286,413.0,0.0,2.8569999999999998,464.45099999999996,0.0,1.3119999999999998,8.056000000000001,0.0,0.055999999999999994,2308406.0,6003.0,45.025,0.11699999999999999,8598.0,0.168,127.783,0.008,people tested,54.63,51269183.0,527.967,43.4,13.914000000000001,8.622,35938.373999999996,0.2,85.99799999999999,6.8,6.2,40.9,,12.27,83.03,0.903
KWT,Asia,Kuwait,2020-10-01,105182.0,614.0,554.714,610.0,3.0,2.8569999999999998,24629.539,143.775,129.893,142.838,0.7020000000000001,0.669,751163.0,3930.0,175.893,0.92,3734.0,0.8740000000000001,6.731,0.149,tests performed,65.74,4270563.0,232.128,33.7,2.345,1.114,65530.537000000004,,132.235,15.84,2.7,37.0,,2.0,75.49,0.8029999999999999
LAO,Asia,Laos,2020-10-01,23.0,0.0,0.0,,0.0,0.0,3.161,0.0,0.0,,0.0,0.0,,,,,,,,,,32.41,7275556.0,29.715,24.4,4.029,2.322,6397.36,22.7,368.111,4.0,7.3,51.2,49.839,1.5,67.92,0.601
LBN,Asia,Lebanon,2020-10-01,39634.0,1257.0,1120.286,367.0,6.0,5.571000000000001,5806.803000000001,184.16400000000002,164.13400000000001,53.769,0.879,0.816,,,,,,,,,,59.26,6825442.0,594.561,31.1,8.514,5.43,13367.565,,266.591,12.71,26.9,40.7,,2.9,78.93,0.757
LBR,Africa,Liberia,2020-10-01,1343.0,0.0,0.857,82.0,0.0,0.0,265.53700000000003,0.0,0.16899999999999998,16.213,0.0,0.0,,,,,,,,,,60.19,5057677.0,49.126999999999995,19.2,3.057,1.756,752.788,38.6,272.509,2.42,1.5,18.1,1.188,0.8,64.1,0.435
LBY,Africa,Libya,2020-10-01,34525.0,511.0,632.571,551.0,11.0,11.142999999999999,5024.532,74.367,92.06,80.189,1.601,1.6219999999999999,,,,,,,,,,86.11,6871287.0,3.623,29.0,4.4239999999999995,2.8160000000000003,17881.509,,341.86199999999997,10.43,,,,3.7,72.91,0.706
LCA,North America,Saint Lucia,2020-10-01,27.0,0.0,0.0,,0.0,0.0,147.036,0.0,0.0,,0.0,0.0,,,,,,,,,,,183629.0,293.187,34.9,9.721,6.405,12951.839,,204.62,11.62,,,87.20200000000001,1.3,76.2,0.747
LIE,Europe,Liechtenstein,2020-10-01,120.0,0.0,0.429,1.0,0.0,0.0,3146.551,0.0,11.238,26.221,0.0,0.0,,,,,,,,,,,38137.0,237.012,,,,,,,7.77,,,,2.397,82.49,0.9159999999999999
LKA,Asia,Sri Lanka,2020-10-01,3380.0,6.0,8.0,13.0,0.0,0.0,157.846,0.28,0.374,0.607,0.0,0.0,291105.0,1517.0,13.595,0.071,1851.0,0.086,231.375,0.004,tests performed,23.15,21413250.0,341.955,34.1,10.068999999999999,5.331,11669.077,0.7,197.093,10.68,0.3,27.0,,3.6,76.98,0.77
LSO,Africa,Lesotho,2020-10-01,1595.0,19.0,24.429000000000002,36.0,1.0,0.429,744.544,8.869,11.402999999999999,16.805,0.467,0.2,,,,,,,,,,59.26,2142252.0,73.562,22.2,4.506,2.647,2851.153,59.6,405.126,3.94,0.4,53.9,2.117,,54.33,0.52
LTU,Europe,Lithuania,2020-10-01,4693.0,115.0,108.714,92.0,0.0,0.7140000000000001,1723.9160000000002,42.244,39.935,33.795,0.0,0.262,781960.0,6973.0,287.243,2.5610000000000004,5398.0,1.983,49.653,0.02,samples tested,22.22,2722291.0,45.135,43.5,19.002,13.777999999999999,29524.265,0.7,342.98900000000003,3.67,21.3,38.0,,6.56,75.93,0.858
LUX,Europe,Luxembourg,2020-10-01,8509.0,78.0,59.857,124.0,0.0,0.0,13593.173,124.605,95.62200000000001,198.09099999999998,0.0,0.0,845673.0,7108.0,1350.967,11.355,5424.0,8.665,90.616,0.011,tests performed,43.52,625976.0,231.447,39.7,14.312000000000001,9.842,94277.965,0.2,128.275,4.42,20.9,26.0,,4.51,82.25,0.904
LVA,Europe,Latvia,2020-10-01,1824.0,95.0,36.0,37.0,0.0,0.14300000000000002,967.023,50.36600000000001,19.086,19.616,0.0,0.076,324717.0,4699.0,172.15400000000002,2.491,2928.0,1.5519999999999998,81.333,0.012,tests performed,42.59,1886202.0,31.212,43.9,19.754,14.136,25063.846,0.7,350.06,4.91,25.6,51.0,,5.57,75.29,0.847
MAR,Africa,Morocco,2020-10-01,123653.0,2470.0,2272.857,2194.0,42.0,39.429,3350.071,66.919,61.577,59.441,1.138,1.068,2643860.0,22546.0,71.62899999999999,0.611,23244.0,0.63,10.227,0.098,people tested,65.74,36910558.0,80.08,29.6,6.769,4.209,7485.013000000001,1.0,419.14599999999996,7.14,0.8,47.1,,1.1,76.68,0.667
MCO,Europe,Monaco,2020-10-01,218.0,4.0,2.714,1.0,0.0,0.0,5554.9890000000005,101.926,69.164,25.482,0.0,0.0,,,,,,,,,,,39244.0,19347.5,,,,,,,5.46,,,,13.8,86.75,
MDA,Europe,Moldova,2020-10-01,53042.0,1013.0,687.143,1320.0,10.0,10.857000000000001,13148.856000000002,251.118,170.33900000000003,327.222,2.479,2.6910000000000003,,,,,,,,,,44.44,4033963.0,123.655,37.6,10.864,6.955,5189.972,0.2,408.50199999999995,5.72,5.9,44.6,86.979,5.8,71.9,0.7
MDG,Africa,Madagascar,2020-10-01,16408.0,31.0,34.429,230.0,1.0,0.5710000000000001,592.539,1.119,1.2429999999999999,8.306000000000001,0.036000000000000004,0.021,71089.0,139.0,2.5669999999999997,0.005,329.0,0.012,9.556,0.105,tests performed,48.15,27691019.0,43.951,19.6,2.929,1.686,1416.44,77.6,405.994,3.94,,,50.54,0.2,67.04,0.519
MDV,Asia,Maldives,2020-10-01,10291.0,97.0,58.0,34.0,0.0,0.0,19038.299,179.45,107.3,62.9,0.0,0.0,155450.0,1628.0,287.582,3.012,1503.0,2.781,25.914,0.039,samples tested,,540542.0,1454.433,30.6,4.12,2.875,15183.616000000002,,164.905,9.19,2.1,55.0,95.803,,78.92,0.7170000000000001
MEX,North America,Mexico,2020-10-01,789286.0,5212.0,4482.286,77646.0,483.0,385.286,6121.687,40.424,34.765,602.221,3.7460000000000004,2.988,1732974.0,13068.0,13.440999999999999,0.10099999999999999,11444.0,0.08900000000000001,2.553,0.392,people tested,73.61,128932753.0,66.444,29.3,6.857,4.321000000000001,17336.468999999997,2.5,152.783,13.06,6.9,21.4,87.84700000000001,1.38,75.05,0.774
MKD,Europe,Macedonia,2020-10-01,17977.0,191.0,132.571,739.0,2.0,4.143,8628.767,91.678,63.633,354.712,0.96,1.989,,,,,,,,,,,2083380.0,82.6,39.1,13.26,8.16,13111.214,5.0,322.688,10.08,,,,4.28,75.8,0.757
MLI,Africa,Mali,2020-10-01,3118.0,28.0,12.0,131.0,1.0,0.14300000000000002,153.969,1.383,0.593,6.468999999999999,0.049,0.006999999999999999,,,,,,,,,,39.81,20250834.0,15.196,16.4,2.519,1.486,2014.306,,268.024,2.42,1.6,23.0,52.232,0.1,59.31,0.42700000000000005
MLT,Europe,Malta,2020-10-01,3058.0,23.0,28.714000000000002,34.0,0.0,1.286,6925.776,52.091,65.032,77.003,0.0,2.912,,,,,,,,,,,441539.0,1454.037,42.4,19.426,11.324000000000002,36513.323,0.2,168.71099999999998,8.83,20.9,30.2,,4.485,82.53,0.878
MMR,Asia,Myanmar,2020-10-01,13373.0,948.0,792.2860000000001,310.0,26.0,25.285999999999998,245.783,17.423,14.561,5.6979999999999995,0.478,0.465,271881.0,4587.0,4.997,0.084,4203.0,0.077,5.305,0.189,samples tested,81.02,54409794.0,81.721,29.1,5.732,3.12,5591.597,6.4,202.104,4.61,6.3,35.2,79.28699999999999,0.9,67.13,0.578
MNE,Europe,Montenegro,2020-10-01,10772.0,197.0,192.0,169.0,5.0,2.571,17151.173,313.663,305.702,269.082,7.961,4.093999999999999,,,,,,,,,,,628062.0,46.28,39.1,14.762,9.395,16409.288,1.0,387.305,10.08,44.0,47.9,,3.861,76.88,0.8140000000000001
MNG,Asia,Mongolia,2020-10-01,313.0,0.0,0.0,,0.0,0.0,95.477,0.0,0.0,,0.0,0.0,,,,,,,,,,42.59,3278292.0,1.98,28.6,4.031000000000001,2.421,11840.846000000001,0.5,460.043,4.82,5.5,46.5,71.18,7.0,69.87,0.741
MNP,Oceania,Northern Mariana Islands,2020-10-01,70.0,0.0,0.14300000000000002,2.0,0.0,0.0,1216.1860000000001,0.0,2.4819999999999998,34.748000000000005,0.0,0.0,,,,,,,,,,,57557.0,119.87799999999999,,,,,,194.99400000000003,,,,,,76.74,
MOZ,Africa,Mozambique,2020-10-01,8728.0,172.0,209.429,61.0,2.0,1.714,279.247,5.502999999999999,6.7010000000000005,1.952,0.064,0.055,140310.0,1924.0,4.489,0.062,1464.0,0.047,6.99,0.14300000000000002,units unclear,62.04,31255435.0,37.728,17.7,3.158,1.87,1136.103,62.9,329.94199999999995,3.3,5.1,29.1,12.227,0.7,60.85,0.43700000000000006
MRT,Africa,Mauritania,2020-10-01,7488.0,14.0,9.0,161.0,0.0,0.0,1610.44,3.011,1.936,34.626,0.0,0.0,,276.0,,0.059000000000000004,,,,,tests performed,13.89,4649660.0,4.289,20.3,3.138,1.7919999999999998,3597.633,6.0,232.347,2.42,,,15.95,,64.92,0.52
MSR,North America,Montserrat,2020-10-01,13.0,0.0,0.0,1.0,0.0,0.0,2600.52,0.0,0.0,200.04,0.0,0.0,,,,,,,,,,,4999.0,,,,,,,,,,,,,74.16,
MUS,Africa,Mauritius,2020-10-01,381.0,0.0,2.0,10.0,0.0,0.0,299.58299999999997,0.0,1.5730000000000002,7.8629999999999995,0.0,0.0,,,,,,,,,,16.67,1271767.0,622.962,37.4,10.945,5.8839999999999995,20292.745,0.5,224.644,22.02,3.2,40.7,,3.4,74.99,0.79
MWI,Africa,Malawi,2020-10-01,5773.0,1.0,3.8569999999999998,179.0,0.0,0.0,301.778,0.052000000000000005,0.20199999999999999,9.357000000000001,0.0,0.0,,,,,264.0,0.013999999999999999,68.444,0.015,samples tested,54.63,19129955.0,197.519,18.1,2.9789999999999996,1.7830000000000001,1095.042,71.4,227.34900000000002,3.94,4.4,24.7,8.704,1.3,64.26,0.47700000000000004
MYS,Asia,Malaysia,2020-10-01,11135.0,0.0,90.0,134.0,0.0,0.14300000000000002,344.034,0.0,2.781,4.14,0.0,0.004,1566848.0,17098.0,48.41,0.528,11719.0,0.36200000000000004,130.211,0.008,people tested,50.93,32365998.0,96.25399999999999,29.9,6.292999999999999,3.407,26808.164,0.1,260.942,16.74,1.0,42.4,,1.9,76.16,0.802
NAM,Africa,Namibia,2020-10-01,11265.0,125.0,86.0,121.0,0.0,0.5710000000000001,4433.441,49.195,33.846,47.621,0.0,0.225,99382.0,1430.0,39.113,0.563,920.0,0.36200000000000004,10.698,0.093,samples tested,56.48,2540916.0,3.0780000000000003,22.0,3.552,2.085,9541.808,13.4,243.81099999999998,3.94,9.7,34.2,44.6,,63.71,0.647
NCL,Oceania,New Caledonia,2020-10-01,27.0,0.0,0.14300000000000002,,0.0,0.0,94.574,0.0,0.5,,0.0,0.0,,,,,,,,,,,285491.0,15.342,33.4,9.954,6.489,,,,23.36,,,,,77.55,
NER,Africa,Niger,2020-10-01,1197.0,1.0,0.5710000000000001,69.0,0.0,0.0,49.449,0.040999999999999995,0.024,2.85,0.0,0.0,,,,,,,,,,11.11,24206636.0,16.955,15.1,2.553,1.3780000000000001,926.0,44.5,238.33900000000003,2.42,0.1,15.4,8.978,0.3,62.42,0.354
NGA,Africa,Nigeria,2020-10-01,58848.0,201.0,160.571,1112.0,1.0,1.429,285.476,0.975,0.779,5.394,0.005,0.006999999999999999,,,,,3695.0,0.018000000000000002,23.012,0.043,samples tested,48.15,206139587.0,209.588,18.1,2.7510000000000003,1.4469999999999998,5338.454000000001,,181.013,2.42,0.6,10.8,41.949,,54.69,0.532
NIC,North America,Nicaragua,2020-10-01,5170.0,0.0,13.857000000000001,151.0,0.0,0.28600000000000003,780.43,0.0,2.092,22.794,0.0,0.043,,,,,,,,,,8.33,6624554.0,51.667,27.3,5.445,3.5189999999999997,5321.444,3.2,137.016,11.47,,,,0.9,74.48,0.6579999999999999
NLD,Europe,Netherlands,2020-10-01,120713.0,3293.0,2888.571,6397.0,13.0,15.714,7044.8730000000005,192.18099999999998,168.579,373.332,0.759,0.917,,,,,28578.0,1.6680000000000001,9.893,0.101,people tested,58.33,17134873.0,508.54400000000004,43.2,18.779,11.880999999999998,48472.545,,109.361,5.29,24.4,27.3,,3.32,82.28,0.9309999999999999
NOR,Europe,Norway,2020-10-01,13914.0,126.0,108.85700000000001,274.0,0.0,1.0,2566.571,23.241999999999997,20.08,50.542,0.0,0.184,1283104.0,12855.0,236.68099999999998,2.371,12521.0,2.31,115.022,0.009000000000000001,people tested,28.7,5421242.0,14.462,39.7,16.820999999999998,10.812999999999999,64800.057,0.2,114.316,5.31,19.6,20.7,,3.6,82.4,0.953
NPL,Asia,Nepal,2020-10-01,77817.0,1559.0,1430.4289999999999,498.0,7.0,8.857000000000001,2670.7459999999996,53.506,49.093999999999994,17.092,0.24,0.304,1033947.0,12444.0,35.486,0.42700000000000005,11146.0,0.38299999999999995,7.792000000000002,0.128,tests performed,76.85,29136808.0,204.43,25.0,5.809,3.2119999999999997,2442.804,15.0,260.797,7.26,9.5,37.8,47.782,0.3,70.78,0.574
NZL,Oceania,New Zealand,2020-10-01,1480.0,0.0,1.286,25.0,0.0,0.0,306.91200000000003,0.0,0.267,5.184,0.0,0.0,958738.0,4749.0,198.81599999999997,0.985,4737.0,0.982,3684.333,0.0,tests performed,31.94,4822233.0,18.206,37.9,15.322000000000001,9.72,36085.843,,128.797,8.08,14.8,17.2,,2.61,82.29,0.917
OMN,Asia,Oman,2020-10-01,98585.0,0.0,463.714,935.0,0.0,8.571,19305.326,0.0,90.806,183.09599999999998,0.0,1.6780000000000002,,,,,,,,,,86.11,5106622.0,14.98,30.7,2.355,1.53,37960.709,,266.342,12.61,0.5,15.6,97.4,1.6,77.86,0.821
PAK,Asia,Pakistan,2020-10-01,312806.0,543.0,655.571,6484.0,5.0,6.7139999999999995,1416.102,2.458,2.968,29.354,0.023,0.03,3548476.0,34239.0,16.064,0.155,34566.0,0.156,52.727,0.019,tests performed,37.5,220892331.0,255.57299999999998,23.5,4.495,2.78,5034.708,4.0,423.031,8.35,2.8,36.7,59.607,0.6,67.27,0.562
PAN,North America,Panama,2020-10-01,112595.0,742.0,657.857,2372.0,8.0,11.571,26095.262000000002,171.968,152.466,549.74,1.854,2.682,484498.0,5803.0,112.288,1.345,4876.0,1.13,7.412000000000001,0.135,tests performed,87.04,4314768.0,55.133,29.7,7.917999999999999,5.03,22267.037,2.2,128.346,8.33,2.4,9.9,,2.3,78.51,0.789
PER,South America,Peru,2020-10-01,814829.0,3061.0,4590.571,32463.0,67.0,84.714,24712.872000000003,92.837,139.227,984.567,2.032,2.569,,,,,,,,,,82.41,32971846.0,25.129,29.1,7.151,4.455,12236.706,3.5,85.755,5.95,4.8,,,1.6,76.74,0.75
PHL,Asia,Philippines,2020-10-01,309303.0,0.0,2101.714,5448.0,0.0,51.0,2822.595,0.0,19.18,49.717,0.0,0.465,3589379.0,39132.0,32.755,0.35700000000000004,33834.0,0.309,16.098,0.062,people tested,58.33,109581085.0,351.87300000000005,25.2,4.803,2.661,7599.188,,370.43699999999995,7.07,7.8,40.8,78.46300000000001,1.0,71.23,0.6990000000000001
PNG,Oceania,Papua New Guinea,2020-10-01,534.0,0.0,0.429,7.0,0.0,0.0,59.685,0.0,0.048,0.782,0.0,0.0,,,,,,,,,,25.0,8947027.0,18.22,22.6,3.8080000000000003,2.142,3823.1940000000004,,561.494,17.65,23.5,48.8,,,64.5,0.544
POL,Europe,Poland,2020-10-01,91514.0,1552.0,1405.8570000000002,2513.0,30.0,24.143,2418.024,41.008,37.146,66.4,0.7929999999999999,0.638,3226595.0,28959.0,85.255,0.765,22125.0,0.585,15.738,0.064,people tested,19.44,37846605.0,124.027,41.8,16.762999999999998,10.202,27216.445,,227.331,5.91,23.3,33.1,,6.62,78.73,0.865
PRI,North America,Puerto Rico,2020-10-01,48755.0,288.0,872.0,661.0,7.0,6.2860000000000005,17042.197,100.67,304.806,231.051,2.447,2.197,,,,,,,,,,70.37,2860840.0,376.23199999999997,38.2,15.168,9.829,35044.67,,108.094,12.9,,,,,80.1,
PRT,Europe,Portugal,2020-10-01,75542.0,825.0,725.2860000000001,1971.0,8.0,6.143,7408.47,80.908,71.12899999999999,193.298,0.785,0.602,2649380.0,23857.0,259.827,2.34,20993.0,2.059,28.944000000000006,0.035,samples tested,58.8,10196707.0,112.37100000000001,46.2,21.502,14.924000000000001,27936.896,0.5,127.84200000000001,9.85,16.3,30.0,,3.39,82.05,0.847
PRY,South America,Paraguay,2020-10-01,40758.0,657.0,741.0,857.0,16.0,18.570999999999998,5714.382,92.113,103.89,120.154,2.2430000000000003,2.6039999999999996,280909.0,3417.0,39.384,0.479,2764.0,0.38799999999999996,3.73,0.268,tests performed,81.48,7132530.0,17.144000000000002,26.5,6.377999999999999,3.833,8827.01,1.7,199.128,8.27,5.0,21.6,79.602,1.3,74.25,0.7020000000000001
PSE,Asia,Palestine,2020-10-01,50541.0,426.0,489.14300000000003,368.0,8.0,7.2860000000000005,9907.249,83.506,95.884,72.137,1.568,1.4280000000000002,,4066.0,,0.797,,,,,tests performed,82.41,5101416.0,778.202,20.4,3.043,1.726,4449.898,1.0,265.91,10.59,,,,,74.05,0.6859999999999999
PYF,Oceania,French Polynesia,2020-10-01,1666.0,0.0,47.714,7.0,0.0,0.28600000000000003,5930.852,0.0,169.86,24.92,0.0,1.0170000000000001,,,,,,,,,,,280904.0,77.324,32.7,7.775,4.593,,,,22.63,,,,,77.66,
QAT,Asia,Qatar,2020-10-01,125760.0,227.0,226.429,214.0,0.0,0.28600000000000003,43650.600999999995,78.79,78.592,74.278,0.0,0.099,781128.0,5214.0,271.125,1.81,5143.0,1.785,22.714,0.044,people tested,64.81,2881060.0,227.322,31.9,1.307,0.617,116935.6,,176.69,16.52,0.8,26.9,,1.2,80.23,0.856
ROU,Europe,Romania,2020-10-01,127572.0,2158.0,1593.8570000000002,4825.0,33.0,39.286,6631.36,112.176,82.851,250.81,1.715,2.042,2445488.0,25797.0,127.12,1.341,20380.0,1.0590000000000002,12.787,0.078,tests performed,43.52,19237682.0,85.12899999999999,43.0,17.85,11.69,23313.199,5.7,370.94599999999997,9.74,22.9,37.1,,6.892,76.05,0.8109999999999999
RUS,Europe,Russia,2020-10-01,1176286.0,8481.0,7720.714,20722.0,177.0,131.857,8060.371999999999,58.115,52.905,141.995,1.213,0.904,46823879.0,402045.0,320.856,2.755,351330.0,2.407,45.505,0.022,tests performed,40.74,145934460.0,8.823,39.6,14.177999999999999,9.392999999999999,24765.953999999998,0.1,431.29699999999997,6.18,23.4,58.3,,8.05,72.58,0.816
RWA,Africa,Rwanda,2020-10-01,4840.0,4.0,8.714,29.0,0.0,0.28600000000000003,373.681,0.309,0.6729999999999999,2.239,0.0,0.022000000000000002,498376.0,2583.0,38.478,0.19899999999999998,2134.0,0.165,244.885,0.004,samples tested,75.93,12952209.0,494.869,20.3,2.9739999999999998,1.642,1854.211,56.0,191.375,4.28,4.7,21.0,4.617,,69.02,0.524
SAU,Asia,Saudi Arabia,2020-10-01,334605.0,418.0,463.714,4768.0,29.0,28.429000000000002,9611.256,12.007,13.32,136.957,0.833,0.8170000000000001,6592660.0,51632.0,189.36900000000003,1.483,45300.0,1.301,97.689,0.01,tests performed,57.41,34813867.0,15.322000000000001,31.9,3.295,1.845,49045.41099999999,,259.538,17.72,1.8,25.4,,2.7,75.13,0.853
SDN,Africa,Sudan,2020-10-01,13640.0,34.0,8.857000000000001,836.0,0.0,0.0,311.066,0.775,0.20199999999999999,19.065,0.0,0.0,,,,,,,,,,51.85,43849269.0,23.258000000000003,19.7,3.548,2.0340000000000003,4466.5070000000005,,431.38800000000003,15.67,,,23.436999999999998,0.8,65.31,0.502
SEN,Africa,Senegal,2020-10-01,14982.0,37.0,26.714000000000002,311.0,1.0,1.143,894.7719999999999,2.21,1.595,18.574,0.06,0.068,186706.0,1351.0,11.151,0.081,1153.0,0.069,43.16,0.023,tests performed,40.74,16743930.0,82.32799999999999,18.7,3.008,1.796,2470.58,38.0,241.21900000000002,2.42,0.4,16.6,20.859,,67.94,0.505
SGP,Asia,Singapore,2020-10-01,57742.0,0.0,14.714,27.0,0.0,0.0,9869.849,0.0,2.515,4.615,0.0,0.0,,,,,27234.0,4.655,1850.854,0.001,samples tested,54.63,5850343.0,7915.731,42.4,12.922,7.0489999999999995,85535.383,,92.243,10.99,5.2,28.3,,2.4,83.62,0.932
SLE,Africa,Sierra Leone,2020-10-01,2231.0,9.0,6.857,72.0,0.0,0.0,279.68,1.128,0.86,9.026,0.0,0.0,,,,,,,,,,29.63,7976985.0,104.7,19.1,2.5380000000000003,1.285,1390.3,52.2,325.721,2.42,8.8,41.3,19.275,,54.7,0.419
SLV,North America,El Salvador,2020-10-01,29077.0,96.0,160.429,843.0,0.0,3.429,4482.901,14.800999999999998,24.734,129.968,0.0,0.529,400849.0,2448.0,61.8,0.377,2440.0,0.376,15.209,0.066,tests performed,52.78,6486201.0,307.811,27.6,8.273,5.417000000000001,7292.4580000000005,2.2,167.295,8.87,2.5,18.8,90.65,1.3,73.32,0.674
SMR,Europe,San Marino,2020-10-01,732.0,5.0,1.286,42.0,0.0,0.0,21568.743,147.327,37.884,1237.5510000000002,0.0,0.0,,,,,,,,,,25.93,33938.0,556.6669999999999,,,,56861.47,,,5.64,,,,3.8,84.97,
SOM,Africa,Somalia,2020-10-01,3588.0,0.0,17.570999999999998,99.0,0.0,0.14300000000000002,225.757,0.0,1.1059999999999999,6.229,0.0,0.009000000000000001,,,,,,,,,,37.96,15893219.0,23.5,16.8,2.7310000000000003,1.496,,,365.769,6.05,,,9.831,0.9,57.4,
SRB,Europe,Serbia,2020-10-01,33551.0,72.0,67.286,749.0,0.0,0.7140000000000001,4930.638,10.581,9.888,110.073,0.0,0.105,1140378.0,6139.0,167.58900000000003,0.902,5908.0,0.868,87.805,0.011,people tested,50.93,6804596.0,80.291,41.2,17.366,,14048.881000000001,,439.415,10.08,37.7,40.2,97.719,5.609,76.0,0.787
SSD,Africa,South Sudan,2020-10-01,2704.0,4.0,6.2860000000000005,49.0,0.0,0.0,241.56400000000002,0.35700000000000004,0.562,4.377,0.0,0.0,,,,,,,,,,35.19,11193729.0,,19.2,3.4410000000000003,2.032,1569.888,,280.775,10.43,,,,,57.85,0.38799999999999996
STP,Africa,Sao Tome and Principe,2020-10-01,911.0,0.0,0.429,15.0,0.0,0.0,4156.7609999999995,0.0,1.956,68.443,0.0,0.0,,,,,,,,,,,219161.0,212.84099999999998,18.7,2.886,2.162,3052.7140000000004,32.3,270.113,2.42,,,41.34,2.9,70.39,0.589
SUR,South America,Suriname,2020-10-01,4877.0,14.0,14.0,104.0,0.0,0.429,8313.530999999999,23.865,23.865,177.283,0.0,0.731,,,,,,,,,,63.89,586634.0,3.612,29.6,6.933,4.229,13767.118999999999,,258.314,12.54,7.4,42.9,67.779,3.1,71.68,0.72
SVK,Europe,Slovakia,2020-10-01,10141.0,567.0,410.286,48.0,3.0,1.0,1857.4470000000001,103.853,75.149,8.792,0.5489999999999999,0.183,474845.0,7824.0,86.97399999999999,1.433,5857.0,1.073,14.275,0.07,tests performed,34.72,5459643.0,113.12799999999999,41.2,15.07,9.167,30155.152000000002,0.7,287.959,7.29,23.1,37.7,,5.82,77.54,0.855
SVN,Europe,Slovenia,2020-10-01,5690.0,203.0,142.286,138.0,0.0,0.7140000000000001,2736.982,97.646,68.442,66.38,0.0,0.344,230310.0,3281.0,110.78299999999999,1.578,2508.0,1.206,17.627,0.057,tests performed,46.3,2078932.0,102.619,44.5,19.062,12.93,31400.84,,153.493,7.25,20.1,25.0,,4.5,81.32,0.8959999999999999
SWE,Europe,Sweden,2020-10-01,93837.0,688.0,477.286,5884.0,1.0,1.429,9291.464,68.124,47.25899999999999,582.616,0.099,0.141,,18580.0,,1.84,18506.0,1.8319999999999999,38.773,0.026,tests performed,37.04,10099270.0,24.718000000000004,41.0,19.985,13.433,46949.282999999996,0.5,133.982,4.79,18.8,18.9,,2.22,82.8,0.9329999999999999
SWZ,Africa,Swaziland,2020-10-01,5482.0,20.0,19.857,109.0,1.0,0.14300000000000002,4725.194,17.239,17.116,93.95200000000001,0.862,0.12300000000000001,,,,,,,,,,64.81,1160164.0,79.492,21.5,3.1630000000000003,1.845,7738.975,,333.436,3.94,1.7,16.5,24.096999999999998,2.1,60.19,0.588
SXM,North America,Sint Maarten (Dutch part),2020-10-01,667.0,8.0,7.2860000000000005,22.0,0.0,0.14300000000000002,15554.312,186.558,169.90099999999998,513.036,0.0,3.3310000000000004,,,,,,,,,,,42882.0,1209.088,,,,36327.232,,,,,,,,78.95,
SYC,Africa,Seychelles,2020-10-01,144.0,1.0,0.14300000000000002,,0.0,0.0,1464.308,10.169,1.453,,0.0,0.0,,,,,,,,,,36.11,98340.0,208.354,36.2,8.606,5.586,26382.287,1.1,242.648,10.55,7.1,35.7,,3.6,73.4,0.797
SYR,Asia,Syria,2020-10-01,4200.0,52.0,39.429,200.0,3.0,2.714,239.99099999999999,2.971,2.253,11.427999999999999,0.171,0.155,,,,,,,,,,53.7,17500657.0,,21.7,,2.577,,,376.264,,,,70.598,1.5,72.7,0.536
TCA,North America,Turks and Caicos Islands,2020-10-01,689.0,3.0,1.857,6.0,0.0,0.14300000000000002,17795.341,77.483,47.966,154.967,0.0,3.69,,,,,,,,,,,38718.0,37.312,,,,,,,,,,,,80.22,
TCD,Africa,Chad,2020-10-01,1200.0,7.0,5.143,85.0,0.0,0.429,73.056,0.426,0.313,5.175,0.0,0.026000000000000002,,,,,,,,,,65.74,16425859.0,11.833,16.7,2.4859999999999998,1.446,1768.1529999999998,38.4,280.995,6.1,,,5.818,,54.24,0.40399999999999997
TGO,Africa,Togo,2020-10-01,1784.0,25.0,11.857000000000001,48.0,0.0,1.0,215.49200000000002,3.02,1.432,5.797999999999999,0.0,0.121,92483.0,898.0,11.171,0.10800000000000001,893.0,0.10800000000000001,75.313,0.013,tests performed,47.22,8278737.0,143.366,19.4,2.839,1.525,1429.8129999999999,49.2,280.033,6.15,0.9,14.2,10.475,0.7,61.04,0.503
THA,Asia,Thailand,2020-10-01,3569.0,5.0,7.571000000000001,59.0,0.0,0.0,51.132,0.07200000000000001,0.10800000000000001,0.845,0.0,0.0,1057706.0,4341.0,15.152999999999999,0.062,4563.0,0.065,602.66,0.002,tests performed,43.52,69799978.0,135.132,40.1,11.373,6.89,16277.671,0.1,109.861,7.04,1.9,38.8,90.67,2.1,77.15,0.755
TJK,Asia,Tajikistan,2020-10-01,9769.0,43.0,42.0,76.0,1.0,0.28600000000000003,1024.257,4.508,4.404,7.968,0.105,0.03,,,,,,,,,,36.11,9537642.0,64.281,23.3,3.466,2.155,2896.913,4.8,427.69800000000004,7.11,,,72.704,4.8,71.1,0.65
TLS,Asia,Timor,2020-10-01,28.0,0.0,0.14300000000000002,,0.0,0.0,21.237,0.0,0.10800000000000001,,0.0,0.0,,,,,,,,,,29.63,1318442.0,87.176,18.0,3.556,1.8969999999999998,6570.102,30.3,335.346,6.86,6.3,78.1,28.178,5.9,69.5,0.625
TTO,North America,Trinidad and Tobago,2020-10-01,4531.0,68.0,56.428999999999995,76.0,2.0,1.286,3237.6059999999998,48.589,40.321,54.305,1.429,0.919,,,,,,,,,,80.56,1399491.0,266.88599999999997,36.2,10.014,5.819,28763.071,,228.467,10.97,,,89.443,3.0,73.51,0.784
TUN,Africa,Tunisia,2020-10-01,18413.0,1008.0,847.7139999999999,265.0,19.0,13.0,1557.9660000000001,85.289,71.727,22.421999999999997,1.608,1.1,,,,,,,,,,24.07,11818618.0,74.22800000000001,32.7,8.001,5.075,10849.296999999999,2.0,318.991,8.52,1.1,65.8,78.687,2.3,76.7,0.735
TUR,Asia,Turkey,2020-10-01,318663.0,1391.0,1513.4289999999999,8195.0,65.0,69.143,3778.3559999999998,16.493,17.945,97.167,0.7709999999999999,0.82,10493807.0,113546.0,124.42399999999999,1.3459999999999999,110303.0,1.308,72.883,0.014,tests performed,69.91,84339067.0,104.914,31.6,8.152999999999999,5.061,25129.341,0.2,171.285,12.13,14.1,41.1,,2.81,77.69,0.7909999999999999
TWN,Asia,Taiwan,2020-10-01,514.0,0.0,0.7140000000000001,7.0,0.0,0.0,21.581,0.0,0.03,0.294,0.0,0.0,94061.0,152.0,3.949,0.006,214.0,0.009000000000000001,299.6,0.003,people tested,19.44,23816775.0,,42.2,,8.353,,,103.95700000000001,,,,,,80.46,
TZA,Africa,Tanzania,2020-10-01,509.0,0.0,0.0,21.0,0.0,0.0,8.521,0.0,0.0,0.35200000000000004,0.0,0.0,,,,,,,,,,8.33,59734213.0,64.699,17.7,3.108,1.874,2683.304,49.1,217.28799999999998,5.75,3.3,26.7,47.953,0.7,65.46,0.5379999999999999
UGA,Africa,Uganda,2020-10-01,8129.0,112.0,178.571,75.0,0.0,0.857,177.718,2.449,3.904,1.64,0.0,0.019,486658.0,,10.639000000000001,,3008.0,0.066,16.845,0.059,samples tested,73.15,45741000.0,213.75900000000001,16.4,2.168,1.308,1697.707,41.6,213.333,2.5,3.4,16.7,21.221999999999998,0.5,63.37,0.516
UKR,Europe,Ukraine,2020-10-01,208959.0,4027.0,3460.7140000000004,4129.0,64.0,60.571000000000005,4777.979,92.08,79.131,94.412,1.463,1.385,2308415.0,30167.0,52.783,0.69,25608.0,0.586,7.4,0.135,tests performed,58.8,43733759.0,77.39,41.4,16.462,11.133,7894.393,0.1,539.849,7.11,13.5,47.4,,8.8,72.06,0.7509999999999999
URY,South America,Uruguay,2020-10-01,2046.0,13.0,14.286,48.0,0.0,0.14300000000000002,588.993,3.742,4.113,13.818,0.0,0.040999999999999995,238916.0,2661.0,68.778,0.7659999999999999,2085.0,0.6,145.95,0.006999999999999999,tests performed,43.52,3473727.0,19.750999999999998,35.6,14.655,10.360999999999999,20551.409,0.1,160.708,6.93,14.0,19.9,,2.8,77.91,0.804
USA,North America,United States,2020-10-01,7233043.0,41982.0,42691.28599999999,206928.0,930.0,717.0,21851.918999999998,126.833,128.976,625.155,2.81,2.166,118628668.0,1171379.0,358.392,3.5389999999999997,976058.0,2.949,22.863000000000003,0.044,tests performed,62.5,331002647.0,35.608000000000004,38.3,15.413,9.732000000000001,54225.445999999996,1.2,151.089,10.79,19.1,24.6,,2.77,78.86,0.924
UZB,Asia,Uzbekistan,2020-10-01,56997.0,478.0,475.714,471.0,3.0,3.714,1702.969,14.282,14.213,14.073,0.09,0.111,,,,,,,,,,62.96,33469199.0,76.134,28.2,4.468999999999999,2.873,6253.104,,724.4169999999999,7.57,1.3,24.7,,4.0,71.72,0.71
VAT,Europe,Vatican,2020-10-01,12.0,0.0,0.0,,0.0,0.0,14833.127,0.0,0.0,,0.0,0.0,,,,,,,,,,,809.0,,,,,,,,,,,,,75.12,
VCT,North America,Saint Vincent and the Grenadines,2020-10-01,64.0,0.0,0.0,,0.0,0.0,576.852,0.0,0.0,,0.0,0.0,,,,,,,,,,,110947.0,281.78700000000003,31.8,7.724,4.832,10727.146,,252.675,11.62,,,,2.6,72.53,0.723
VEN,South America,Venezuela,2020-10-01,75122.0,759.0,811.857,628.0,7.0,7.7139999999999995,2641.797,26.691999999999997,28.55,22.085,0.24600000000000002,0.271,,,,,,,,,,87.96,28435943.0,36.253,29.0,6.614,3.915,16745.022,,204.85,6.47,,,,0.8,72.06,0.7609999999999999
VGB,North America,British Virgin Islands,2020-10-01,71.0,0.0,0.0,1.0,0.0,0.0,2348.117,0.0,0.0,33.071999999999996,0.0,0.0,,,,,,,,,,,30237.0,207.97299999999998,,,,,,,13.67,,,,,79.07,
VIR,North America,United States Virgin Islands,2020-10-01,1318.0,0.0,4.0,20.0,0.0,0.14300000000000002,12621.74,0.0,38.306,191.52900000000002,0.0,1.368,,,,,,,,,,,104423.0,306.48,42.2,18.601,10.799000000000001,,,273.67,12.26,,,,,80.58,
VNM,Asia,Vietnam,2020-10-01,1094.0,0.0,3.571,35.0,0.0,0.0,11.239,0.0,0.037000000000000005,0.36,0.0,0.0,,,,,3054.0,0.031,855.12,0.001,samples tested,51.85,97338583.0,308.127,32.6,7.15,4.718,6171.884,2.0,245.465,6.0,1.0,45.9,85.84700000000001,2.6,75.4,0.6940000000000001
OWID_KOS,Europe,Kosovo,2020-10-01,15620.0,46.0,50.0,625.0,0.0,1.286,8081.648,23.8,25.87,323.369,0.0,0.665,,,,,,,,,,58.33,1932774.0,168.155,,,,9795.834,0.6,,,,,,,,
YEM,Asia,Yemen,2020-10-01,2035.0,0.0,0.429,588.0,0.0,0.14300000000000002,68.229,0.0,0.013999999999999999,19.714000000000002,0.0,0.005,,,,,,,,,,45.37,29825968.0,53.508,20.3,2.9219999999999997,1.5830000000000002,1479.1470000000002,18.8,495.00300000000004,5.35,7.6,29.2,49.542,0.7,66.12,0.452
ZAF,Africa,South Africa,2020-10-01,674339.0,1767.0,1307.286,16734.0,67.0,75.429,11369.986,29.793000000000003,22.041999999999998,282.151,1.13,1.272,4209049.0,21132.0,70.969,0.35600000000000004,15270.0,0.257,11.681,0.086,people tested,39.81,59308690.0,46.754,27.3,5.343999999999999,3.053,12294.876,18.9,200.38,5.52,8.1,33.2,43.993,2.32,64.13,0.6990000000000001
ZMB,Africa,Zambia,2020-10-01,14759.0,44.0,45.143,332.0,0.0,0.0,802.82,2.3930000000000002,2.456,18.059,0.0,0.0,157173.0,1622.0,8.549,0.08800000000000001,1549.0,0.084,34.313,0.029,tests performed,44.44,18383956.0,22.995,17.7,2.48,1.5419999999999998,3689.2509999999997,57.5,234.49900000000002,3.94,3.1,24.7,13.937999999999999,2.0,63.89,0.588
ZWE,Africa,Zimbabwe,2020-10-01,7838.0,1.0,16.143,228.0,0.0,0.14300000000000002,527.352,0.067,1.0859999999999999,15.34,0.0,0.01,120530.0,1039.0,8.109,0.07,561.0,0.038,34.751999999999995,0.029,tests performed,76.85,14862927.0,42.729,19.6,2.822,1.882,1899.775,21.4,307.846,1.82,1.6,30.7,36.791,1.7,61.49,0.535
OWID_WRL,,World,2020-10-01,34093635.0,316007.0,294294.286,1015223.0,6105.0,5264.286,4373.895,40.541,37.755,130.244,0.7829999999999999,0.675,,,,,,,,,,,7794798729.0,58.045,30.9,8.696,5.355,15469.207,10.0,233.07,8.51,6.434,34.635,60.13,2.705,72.58,
,,International,2020-10-01,696.0,,,7.0,,,,,,,,,,,,,,,,,,,,,,,,,,,,,,,,,
