location,total_cases_per_million,total_deaths_per_million,total_tests_per_thousand,tests_per_case,positive_rate,stringency_index,population,population_density,median_age,aged_70_older,gdp_per_capita,extreme_poverty,cardiovasc_death_rate,diabetes_prevalence,female_smokers,male_smokers,handwashing_facilities,hospital_beds_per_thousand,life_expectancy,human_development_index
Aruba,37118.558,252.889,,,,50.46,106766.0,584.8,41.2,7.452000000000001,35973.781,,,11.62,,,,,76.29,
Afghanistan,1008.725,37.453,,,,28.7,38928341.0,54.422,18.6,1.337,1803.987,,597.029,9.59,,,37.746,0.5,64.83,0.498
Angola,151.28,5.537999999999999,,,,75.0,32866268.0,23.89,16.8,1.3619999999999999,5819.495,,276.045,3.94,,,26.664,,61.15,0.581
Anguilla,199.97299999999998,,,,,,15002.0,,,,,,,,,,,,81.88,
Albania,4742.859,134.47799999999998,,,,43.52,2877800.0,104.87100000000001,38.0,8.642999999999999,11803.431,1.1,304.195,10.08,7.1,51.2,,2.89,78.57,0.785
Andorra,26532.065,685.951,,,,50.0,77265.0,163.755,,,,,109.135,7.97,29.0,37.8,,,83.73,0.858
United Arab Emirates,9523.376,42.364,990.451,100.362,0.01,52.78,9890400.0,112.44200000000001,34.0,0.526,67293.483,,317.84,17.26,1.2,37.4,,1.2,77.97,0.863
Argentina,16616.331000000002,374.74699999999996,,,,87.96,45195777.0,16.177,31.9,7.441,18933.907,0.6,191.032,5.5,16.2,27.7,,5.0,76.67,0.825
Armenia,16994.608,323.633,,,,,2963234.0,102.931,35.7,7.571000000000001,8787.58,1.8,341.01,7.11,1.5,52.1,94.04299999999999,4.2,75.09,0.755
Antigua and Barbuda,1031.37,30.635,,,,,97928.0,231.845,32.1,4.631,21490.943,,191.511,13.17,,,,3.8,77.02,0.78
Australia,1061.299,34.588,301.164,2648.022,0.0,68.06,25499881.0,3.202,37.9,10.129,44648.71,0.5,107.791,5.07,13.0,16.5,,3.84,83.44,0.9390000000000001
Austria,5080.054,88.715,181.71200000000002,24.792,0.04,40.74,9006400.0,106.749,44.4,13.748,45436.685999999994,0.7,145.183,6.35,28.4,30.9,,7.37,81.54,0.9079999999999999
Azerbaijan,3967.68,58.288999999999994,,,,68.98,10139175.0,119.309,32.4,3.8710000000000004,15847.419,,559.812,7.11,0.3,42.5,83.241,4.7,73.0,0.757
Burundi,42.722,0.084,,,,11.11,11890781.0,423.06199999999995,17.5,1.504,702.225,71.7,293.068,6.05,,,6.144,0.8,61.58,0.41700000000000004
Belgium,10835.648000000001,864.653,287.94,18.424,0.054000000000000006,45.37,11589616.0,375.564,41.8,12.849,42658.575999999994,0.2,114.898,4.29,25.1,31.4,,5.64,81.63,0.9159999999999999
Benin,194.421,3.3819999999999997,,,,47.22,12123198.0,99.11,18.8,1.942,2064.236,49.6,235.84799999999998,0.99,0.6,12.3,11.035,0.5,61.77,0.515
Bonaire Sint Eustatius and Saba,4042.5609999999997,38.137,,,,,26221.0,,,,,,,,,,,,77.79,
Burkina Faso,98.35799999999999,2.775,,,,36.11,20903278.0,70.15100000000001,17.6,1.358,1703.102,43.7,269.048,2.42,1.6,23.9,11.877,0.4,61.58,0.423
Bangladesh,2207.058,31.884,11.914000000000001,8.67,0.115,80.09,164689383.0,1265.036,27.5,3.262,3523.9840000000004,14.8,298.003,8.38,1.0,44.7,34.808,0.8,72.59,0.608
Bulgaria,2998.225,118.73200000000001,76.17399999999999,14.09,0.071,35.19,6948445.0,65.18,44.7,13.272,18563.307,1.5,424.68800000000005,5.81,30.1,44.4,,7.454,75.05,0.813
Bahrain,41645.926,148.097,845.878,13.722,0.073,63.89,1701583.0,1935.9070000000002,32.4,1.3869999999999998,43290.705,,151.689,16.52,5.8,37.6,,2.0,77.29,0.846
Bahamas,10484.478000000001,244.12099999999998,,,,,393248.0,39.497,34.3,5.2,27717.847,,235.954,13.17,3.1,20.4,,2.9,73.92,0.807
Bosnia and Herzegovina,8371.396,258.777,,,,40.74,3280815.0,68.49600000000001,42.5,10.710999999999999,11713.895,0.2,329.635,10.08,30.2,47.7,97.164,3.5,77.4,0.768
Belarus,8321.339,88.154,,,,11.11,9449321.0,46.858000000000004,40.3,9.788,17167.967,,443.129,5.18,10.5,46.1,,11.0,74.79,0.8079999999999999
Belize,5009.795999999999,67.904,,,,69.44,397621.0,16.426,25.0,2.279,7824.361999999999,,176.957,17.11,,,90.083,1.3,74.62,0.708
Bermuda,2906.5570000000002,144.525,,,,31.48,62273.0,1308.82,,,50669.315,,139.547,13.0,,,,,82.59,
Bolivia,11591.764,682.342,25.735,2.833,0.353,81.48,11673029.0,10.202,25.4,4.393,6885.829000000001,7.1,204.299,6.89,,,25.383000000000003,1.1,71.51,0.693
Brazil,22633.366,677.232,,,,67.13,212559409.0,25.04,33.5,5.06,14103.452,3.4,177.96099999999998,8.11,10.1,17.9,,2.2,75.88,0.759
Barbados,661.166,24.359,,,,31.48,287371.0,664.4630000000001,39.8,9.472999999999999,16978.068,,170.05,13.57,1.9,14.5,88.469,5.8,79.19,0.8
Brunei,333.727,6.857,,,,35.19,437483.0,81.347,32.4,2.3819999999999997,71809.25099999999,,201.285,12.79,2.0,30.9,,2.7,75.86,0.853
Bhutan,365.469,,,,,71.3,771612.0,21.188000000000002,28.6,2.977,8708.597,1.5,217.06599999999997,9.75,,,79.807,1.7,71.78,0.612
Botswana,1348.855,6.803999999999999,,,,63.89,2351625.0,4.044,25.8,2.242,15807.374,,237.372,4.81,5.7,34.4,,1.8,69.59,0.7170000000000001
Central African Republic,999.842,12.837,,,,56.48,4829764.0,7.479,18.3,2.251,661.24,,435.727,6.1,,,16.602999999999998,1.0,53.28,0.36700000000000005
Canada,4206.384,246.329,194.9,47.46,0.021,60.65,37742157.0,4.037,41.4,10.797,44017.59099999999,0.5,105.59899999999999,7.37,12.0,16.6,,2.5,82.43,0.9259999999999999
Switzerland,6142.616999999999,205.90200000000002,161.382,30.256,0.033,43.06,8654618.0,214.243,43.1,12.644,57410.166,,99.73899999999999,5.59,22.6,28.9,,4.53,83.78,0.9440000000000001
Chile,24219.813,666.502,175.13,18.54,0.054000000000000006,83.8,19116209.0,24.281999999999996,35.4,6.938,22767.037,1.3,127.993,8.46,34.2,41.5,,2.11,80.18,0.843
China,62.896,3.293,,,,54.17,1439323774.0,147.674,38.7,5.928999999999999,15308.712,0.7,261.899,9.74,1.9,48.4,,4.34,76.91,0.752
Cote d'Ivoire,747.737,4.5489999999999995,6.206,24.905,0.04,32.41,26378275.0,76.399,18.7,1.5819999999999999,3601.006,28.2,303.74,2.42,,,19.351,,57.78,0.49200000000000005
Cameroon,784.9810000000001,15.745999999999999,,,,52.78,26545864.0,50.885,18.8,1.919,3364.926,23.8,244.66099999999997,7.2,,,2.735,1.3,59.29,0.556
Democratic Republic of Congo,119.01299999999999,3.037,,11.325,0.08800000000000001,39.81,89561404.0,35.879,17.0,1.745,808.133,77.1,318.949,6.1,,,4.4719999999999995,,60.68,0.457
Congo,922.2389999999999,16.129,,,,56.48,5518092.0,15.405,19.0,2.063,4881.406,37.0,344.094,7.2,1.7,52.3,47.964,,64.57,0.606
Colombia,16305.66,510.93800000000005,66.24600000000001,,,71.3,50882884.0,44.223,32.2,4.312,13254.948999999999,4.5,124.24,7.44,4.7,13.5,65.38600000000001,1.71,77.29,0.747
Comoros,550.831,8.05,,,,,869595.0,437.352,20.4,1.726,1413.89,18.1,261.51599999999996,11.88,4.4,23.6,15.574000000000002,2.2,64.32,0.503
Cape Verde,10834.766000000001,107.916,,,,68.98,555988.0,135.58,25.7,3.437,6222.554,,182.21900000000002,2.42,2.1,16.5,,2.1,72.98,0.654
Costa Rica,14872.066,177.46,40.614000000000004,,,62.96,5094114.0,96.079,33.6,5.694,15524.995,1.3,137.97299999999998,8.78,6.4,17.4,83.84100000000001,1.13,80.28,0.794
Cuba,494.14599999999996,10.770999999999999,55.50899999999999,157.725,0.006,78.7,11326616.0,110.40799999999999,43.1,9.719,,,190.968,8.27,17.1,53.3,85.198,5.2,78.8,0.777
Curacao,2388.7870000000003,6.093999999999999,,,,,164100.0,362.644,41.7,10.068,,,,11.62,,,,,78.88,
Cayman Islands,3210.59,15.216,,,,,65720.0,256.496,,,49903.029,,,13.22,,,,,83.92,
Cyprus,2003.656,25.116999999999997,439.50199999999995,197.248,0.005,53.7,875899.0,127.65700000000001,37.3,8.562999999999999,32415.132,,141.171,9.24,19.6,52.7,,3.4,80.98,0.8690000000000001
Czech Republic,6435.626,61.163999999999994,131.871,9.251,0.108,38.89,10708982.0,137.17600000000002,43.3,11.58,32605.906000000003,,227.485,6.82,30.5,38.3,,6.63,79.38,0.888
Germany,3481.837,113.387,,82.84899999999998,0.012,46.76,83783945.0,237.016,46.6,15.957,45229.245,,156.139,8.31,28.2,33.1,,8.0,81.33,0.9359999999999999
Djibouti,5481.77,61.74100000000001,,,,37.96,988002.0,41.285,25.4,2.38,2705.406,22.5,258.03700000000003,6.05,1.7,24.5,,1.4,67.11,0.47600000000000003
Dominica,430.60900000000004,,,,,25.0,71991.0,98.56700000000001,,,9673.367,,227.37599999999998,11.62,,,,3.8,75.0,0.715
Denmark,4833.7390000000005,112.22,678.6360000000001,89.945,0.011,50.93,5792203.0,136.52,42.3,12.325,46682.515,0.2,114.76700000000001,6.41,19.3,18.8,,2.5,80.9,0.929
Dominican Republic,10343.841999999999,194.047,,9.169,0.109,75.93,10847904.0,222.873,27.6,4.419,14600.861,1.6,266.653,8.2,8.5,19.1,55.181999999999995,1.6,74.08,0.736
Algeria,1175.115,39.543,,,,75.93,43851043.0,17.348,29.1,3.8569999999999998,13913.839,0.5,278.36400000000003,6.73,0.7,30.4,83.741,1.9,76.88,0.754
Ecuador,7767.757,643.596,20.688000000000002,,,48.61,17643060.0,66.939,28.1,4.458,10581.936000000002,3.6,140.44799999999998,5.55,2.0,12.3,80.635,1.5,77.01,0.752
Egypt,1008.439,57.946999999999996,,,,62.96,102334403.0,97.999,25.3,2.891,10550.206,1.3,525.432,17.31,0.2,50.1,89.82700000000001,1.6,71.99,0.696
Eritrea,105.74,,,,,86.11,3546427.0,44.303999999999995,19.3,2.171,1510.4589999999998,,311.11,6.05,0.2,11.4,,0.7,66.32,0.44
Western Sahara,1282.373,1.6740000000000002,,,,,597330.0,,28.4,1.38,,,,,,,,,70.26,
Spain,16652.991,683.8439999999999,216.475,10.515,0.095,55.09,46754783.0,93.105,45.5,13.799000000000001,34272.36,1.0,99.40299999999999,7.17,27.4,31.4,,2.97,83.56,0.8909999999999999
Estonia,2541.199,48.246,164.105,52.666,0.019,22.22,1326539.0,31.033,42.7,13.491,29481.252,0.5,255.56900000000002,4.02,24.5,39.3,,4.69,78.74,0.871
Ethiopia,655.582,10.421,11.124,10.311,0.097,77.78,114963583.0,104.95700000000001,19.8,2.063,1729.9270000000001,26.7,182.63400000000001,7.47,0.4,8.5,7.96,0.3,66.6,0.46299999999999997
Finland,1803.376,62.086000000000006,201.387,124.081,0.008,32.41,5540718.0,18.136,42.8,13.264000000000001,40585.721,,153.507,5.76,18.3,22.6,,3.28,81.91,0.92
Fiji,35.696999999999996,2.231,12.075,,0.0,48.15,896444.0,49.562,28.6,3.284,8702.975,1.4,412.82,14.49,10.2,34.8,,2.3,67.44,0.741
Falkland Islands,3732.415,,,,,,3483.0,,,,,,,,,,,,81.44,
France,8633.440999999999,489.57099999999997,,13.697,0.073,46.76,65273512.0,122.57799999999999,42.0,13.079,38605.671,,86.06,4.77,30.1,35.6,,5.98,82.66,0.9009999999999999
Faeroe Islands,9556.943000000001,,,,,,48865.0,35.308,,,,,,,,,,,80.67,
Gabon,3938.487,24.261999999999997,,,,66.67,2225728.0,7.859,23.1,2.9760000000000004,16562.413,3.4,259.967,7.2,,,,6.3,66.47,0.7020000000000001
United Kingdom,6676.84,620.7909999999999,308.818,37.653,0.027000000000000003,67.59,67886004.0,272.89799999999997,40.8,12.527000000000001,39753.244,0.2,122.137,4.28,20.0,24.7,,2.54,81.32,0.922
Georgia,1664.505,9.776,,,,56.48,3989175.0,65.032,38.7,10.244000000000002,9745.079,4.2,496.218,7.11,5.3,55.5,,2.6,73.77,0.78
Guernsey,3817.9320000000002,193.87900000000002,,,,,67052.0,,,,,,,,,,,,,
Ghana,1501.499,9.687000000000001,15.719000000000001,18.537,0.054000000000000006,44.44,31072945.0,126.719,21.1,1.9480000000000002,4227.63,12.0,298.245,4.97,0.3,7.7,41.047,0.9,64.07,0.5920000000000001
Gibraltar,11753.881000000001,,,,,,33691.0,3457.1,,,,,,,,,,,79.93,
Guinea,811.0989999999999,5.026,,,,48.15,13132792.0,51.755,19.0,1.733,1998.9260000000002,35.3,336.717,2.42,,,17.45,0.3,61.6,0.45899999999999996
Gambia,1480.967,46.345,,,,75.93,2416664.0,207.56599999999997,17.5,1.4169999999999998,1561.767,10.1,331.43,1.91,0.7,31.2,7.876,1.1,62.05,0.46
Guinea-Bissau,1180.896,19.817,,,,,1967998.0,66.191,19.4,1.565,1548.675,67.1,382.474,2.42,,,6.403,,58.32,0.455
Equatorial Guinea,3585.2129999999997,59.16,,,,,1402985.0,45.193999999999996,22.4,1.7519999999999998,22604.873,,202.812,7.78,,,24.64,2.1,58.74,0.591
Greece,1772.513,37.513000000000005,126.48299999999999,32.88,0.03,46.76,10423056.0,83.479,45.3,14.524000000000001,24574.382,1.5,175.695,4.55,35.3,52.0,,4.21,82.24,0.87
Grenada,213.297,,,,,,112519.0,317.132,29.4,5.021,13593.877,,243.96400000000003,10.71,,,,3.7,72.4,0.772
Greenland,246.6,,,,,33.33,56772.0,0.13699999999999998,,,,,199.94099999999997,2.16,,,,,71.7,
Guatemala,5121.021,181.183,18.369,5.783,0.173,42.13,17915567.0,157.834,22.9,3.016,7423.808000000001,8.7,155.898,10.18,,,76.665,0.6,74.3,0.65
Guam,14474.207,278.464,,,,66.67,168783.0,304.128,31.4,5.492999999999999,,,310.496,21.52,,,,,80.07,
Guyana,3679.317,101.709,,,,79.17,786559.0,3.952,26.3,2.8369999999999997,7435.047,,373.159,11.62,,,77.15899999999999,1.6,69.91,0.654
Hong Kong,,,,,,59.26,7496988.0,7039.714,44.8,10.158,56054.92,,,8.33,,,,,84.86,0.9329999999999999
Honduras,7764.063,237.56599999999997,,,,84.26,9904608.0,82.805,24.9,2.883,4541.795,16.0,240.208,7.21,2.0,,84.169,0.7,75.27,0.617
Croatia,4041.88,68.205,76.09899999999999,26.631,0.038,28.7,4105268.0,73.726,44.0,13.052999999999999,22669.797000000002,0.7,253.782,5.59,34.3,39.9,,5.54,78.49,0.831
Haiti,768.7769999999999,20.083,,,,43.52,11402533.0,398.44800000000004,24.3,2.9539999999999997,1653.1729999999998,23.5,430.548,6.65,2.9,23.1,22.863000000000003,0.7,64.0,0.498
Hungary,2826.9159999999997,80.846,75.32300000000001,11.493,0.087,40.74,9660350.0,108.04299999999999,43.4,11.975999999999999,26777.561,0.5,278.296,7.55,26.8,34.8,,7.02,76.88,0.838
Indonesia,1049.299,39.265,7.4,6.403,0.156,68.98,273523621.0,145.725,29.3,3.053,11188.743999999999,5.7,342.86400000000003,6.32,2.8,76.1,64.204,1.04,71.72,0.6940000000000001
Isle of Man,3998.495,282.247,,,,,85032.0,147.872,,,,,,,,,,,81.4,
India,4574.322,71.506,54.797,14.108,0.071,73.61,1380004385.0,450.41900000000004,28.2,3.4139999999999997,6426.674,21.2,282.28,10.39,1.9,20.6,59.55,0.53,69.66,0.64
Ireland,7322.093000000001,365.345,242.114,35.7,0.028,52.31,4937796.0,69.874,38.7,8.677999999999999,67335.293,0.2,126.459,3.28,23.0,25.7,,2.96,82.3,0.938
Iran,5443.54,311.562,,8.022,0.125,54.63,83992953.0,49.831,32.4,3.182,19082.62,0.2,270.308,9.59,0.8,21.1,,1.5,76.68,0.7979999999999999
Iraq,9024.327,228.255,56.93,4.877,0.205,73.15,40222503.0,88.125,20.0,1.9569999999999999,15663.986,2.5,218.612,8.83,,,94.57600000000001,1.4,70.6,0.685
Iceland,7994.139,29.304000000000002,384.33099999999996,40.222,0.025,31.48,341250.0,3.404,37.3,9.207,46482.958,0.2,117.992,5.31,14.3,15.2,,2.91,82.99,0.935
Israel,28667.532000000003,181.502,439.811,7.212999999999999,0.139,85.19,8655541.0,402.606,30.6,7.359,33132.32,0.5,93.32,6.74,15.4,35.4,,2.99,82.97,0.903
Italy,5207.6,593.664,114.396,32.126999999999995,0.031,43.52,60461828.0,205.859,47.9,16.24,35220.084,2.0,113.15100000000001,4.78,19.8,27.8,,3.18,83.51,0.88
Jamaica,2182.252,36.134,26.829,3.76,0.266,78.7,2961161.0,266.879,31.4,6.39,8193.571,,206.537,11.28,5.3,28.6,66.425,1.7,74.47,0.732
Jersey,4096.049,316.603,,,,,101073.0,,,,,,,,,,,,,
Jordan,1158.9569999999999,5.979,,,,63.89,10203140.0,109.285,23.2,2.3609999999999998,8337.49,0.1,208.257,11.75,,,,1.4,74.53,0.735
Japan,656.328,12.366,,47.041,0.021,31.48,126476458.0,347.778,48.2,18.493,39002.223,,79.37,5.72,11.2,33.7,,13.05,84.63,0.909
Kazakhstan,7507.066999999999,110.77600000000001,158.361,56.264,0.018000000000000002,78.7,18776707.0,6.681,30.6,4.625,24055.588,0.1,466.792,7.11,7.0,43.1,98.999,6.7,73.6,0.8
Kenya,716.535,13.222999999999999,10.277999999999999,21.456,0.047,67.59,53771300.0,87.324,20.0,1.528,2993.028,36.8,218.637,2.92,1.2,20.4,24.651,1.4,66.7,0.59
Kyrgyzstan,7179.5869999999995,163.239,,,,67.13,6524191.0,32.333,26.3,2.8819999999999997,3393.474,1.4,436.36199999999997,7.11,3.6,50.5,89.22,4.5,71.45,0.672
Cambodia,16.567999999999998,,,,,37.04,16718971.0,90.67200000000001,25.6,2.385,3645.07,,270.892,4.0,2.0,33.7,66.229,0.8,69.82,0.5820000000000001
Saint Kitts and Nevis,357.19699999999995,,,,,,53192.0,212.865,,,24654.385,,,12.84,,,,2.3,76.23,0.778
South Korea,464.45099999999996,8.056000000000001,45.025,127.783,0.008,54.63,51269183.0,527.967,43.4,8.622,35938.373999999996,0.2,85.99799999999999,6.8,6.2,40.9,,12.27,83.03,0.903
Kuwait,24629.539,142.838,175.893,6.731,0.149,65.74,4270563.0,232.128,33.7,1.114,65530.537000000004,,132.235,15.84,2.7,37.0,,2.0,75.49,0.8029999999999999
Laos,3.161,,,,,32.41,7275556.0,29.715,24.4,2.322,6397.36,22.7,368.111,4.0,7.3,51.2,49.839,1.5,67.92,0.601
Lebanon,5806.803000000001,53.769,,,,59.26,6825442.0,594.561,31.1,5.43,13367.565,,266.591,12.71,26.9,40.7,,2.9,78.93,0.757
Liberia,265.53700000000003,16.213,,,,60.19,5057677.0,49.126999999999995,19.2,1.756,752.788,38.6,272.509,2.42,1.5,18.1,1.188,0.8,64.1,0.435
Libya,5024.532,80.189,,,,86.11,6871287.0,3.623,29.0,2.8160000000000003,17881.509,,341.86199999999997,10.43,,,,3.7,72.91,0.706
Saint Lucia,147.036,,,,,,183629.0,293.187,34.9,6.405,12951.839,,204.62,11.62,,,87.20200000000001,1.3,76.2,0.747
Liechtenstein,3146.551,26.221,,,,,38137.0,237.012,,,,,,7.77,,,,2.397,82.49,0.9159999999999999
Sri Lanka,157.846,0.607,13.595,231.375,0.004,23.15,21413250.0,341.955,34.1,5.331,11669.077,0.7,197.093,10.68,0.3,27.0,,3.6,76.98,0.77
Lesotho,744.544,16.805,,,,59.26,2142252.0,73.562,22.2,2.647,2851.153,59.6,405.126,3.94,0.4,53.9,2.117,,54.33,0.52
Lithuania,1723.9160000000002,33.795,287.243,49.653,0.02,22.22,2722291.0,45.135,43.5,13.777999999999999,29524.265,0.7,342.98900000000003,3.67,21.3,38.0,,6.56,75.93,0.858
Luxembourg,13593.173,198.09099999999998,1350.967,90.616,0.011,43.52,625976.0,231.447,39.7,9.842,94277.965,0.2,128.275,4.42,20.9,26.0,,4.51,82.25,0.904
Latvia,967.023,19.616,172.15400000000002,81.333,0.012,42.59,1886202.0,31.212,43.9,14.136,25063.846,0.7,350.06,4.91,25.6,51.0,,5.57,75.29,0.847
Morocco,3350.071,59.441,71.62899999999999,10.227,0.098,65.74,36910558.0,80.08,29.6,4.209,7485.013000000001,1.0,419.14599999999996,7.14,0.8,47.1,,1.1,76.68,0.667
Monaco,5554.9890000000005,25.482,,,,,39244.0,19347.5,,,,,,5.46,,,,13.8,86.75,
Moldova,13148.856000000002,327.222,,,,44.44,4033963.0,123.655,37.6,6.955,5189.972,0.2,408.50199999999995,5.72,5.9,44.6,86.979,5.8,71.9,0.7
Madagascar,592.539,8.306000000000001,2.5669999999999997,9.556,0.105,48.15,27691019.0,43.951,19.6,1.686,1416.44,77.6,405.994,3.94,,,50.54,0.2,67.04,0.519
Maldives,19038.299,62.9,287.582,25.914,0.039,,540542.0,1454.433,30.6,2.875,15183.616000000002,,164.905,9.19,2.1,55.0,95.803,,78.92,0.7170000000000001
Mexico,6121.687,602.221,13.440999999999999,2.553,0.392,73.61,128932753.0,66.444,29.3,4.321000000000001,17336.468999999997,2.5,152.783,13.06,6.9,21.4,87.84700000000001,1.38,75.05,0.774
Macedonia,8628.767,354.712,,,,,2083380.0,82.6,39.1,8.16,13111.214,5.0,322.688,10.08,,,,4.28,75.8,0.757
Mali,153.969,6.468999999999999,,,,39.81,20250834.0,15.196,16.4,1.486,2014.306,,268.024,2.42,1.6,23.0,52.232,0.1,59.31,0.42700000000000005
Malta,6925.776,77.003,,,,,441539.0,1454.037,42.4,11.324000000000002,36513.323,0.2,168.71099999999998,8.83,20.9,30.2,,4.485,82.53,0.878
Myanmar,245.783,5.6979999999999995,4.997,5.305,0.189,81.02,54409794.0,81.721,29.1,3.12,5591.597,6.4,202.104,4.61,6.3,35.2,79.28699999999999,0.9,67.13,0.578
Montenegro,17151.173,269.082,,,,,628062.0,46.28,39.1,9.395,16409.288,1.0,387.305,10.08,44.0,47.9,,3.861,76.88,0.8140000000000001
Mongolia,95.477,,,,,42.59,3278292.0,1.98,28.6,2.421,11840.846000000001,0.5,460.043,4.82,5.5,46.5,71.18,7.0,69.87,0.741
Northern Mariana Islands,1216.1860000000001,34.748000000000005,,,,,57557.0,119.87799999999999,,,,,194.99400000000003,,,,,,76.74,
Mozambique,279.247,1.952,4.489,6.99,0.14300000000000002,62.04,31255435.0,37.728,17.7,1.87,1136.103,62.9,329.94199999999995,3.3,5.1,29.1,12.227,0.7,60.85,0.43700000000000006
Mauritania,1610.44,34.626,,,,13.89,4649660.0,4.289,20.3,1.7919999999999998,3597.633,6.0,232.347,2.42,,,15.95,,64.92,0.52
Montserrat,2600.52,200.04,,,,,4999.0,,,,,,,,,,,,74.16,
Mauritius,299.58299999999997,7.8629999999999995,,,,16.67,1271767.0,622.962,37.4,5.8839999999999995,20292.745,0.5,224.644,22.02,3.2,40.7,,3.4,74.99,0.79
Malawi,301.778,9.357000000000001,,68.444,0.015,54.63,19129955.0,197.519,18.1,1.7830000000000001,1095.042,71.4,227.34900000000002,3.94,4.4,24.7,8.704,1.3,64.26,0.47700000000000004
Malaysia,344.034,4.14,48.41,130.211,0.008,50.93,32365998.0,96.25399999999999,29.9,3.407,26808.164,0.1,260.942,16.74,1.0,42.4,,1.9,76.16,0.802
Namibia,4433.441,47.621,39.113,10.698,0.093,56.48,2540916.0,3.0780000000000003,22.0,2.085,9541.808,13.4,243.81099999999998,3.94,9.7,34.2,44.6,,63.71,0.647
New Caledonia,94.574,,,,,,285491.0,15.342,33.4,6.489,,,,23.36,,,,,77.55,
Niger,49.449,2.85,,,,11.11,24206636.0,16.955,15.1,1.3780000000000001,926.0,44.5,238.33900000000003,2.42,0.1,15.4,8.978,0.3,62.42,0.354
Nigeria,285.476,5.394,,23.012,0.043,48.15,206139587.0,209.588,18.1,1.4469999999999998,5338.454000000001,,181.013,2.42,0.6,10.8,41.949,,54.69,0.532
Nicaragua,780.43,22.794,,,,8.33,6624554.0,51.667,27.3,3.5189999999999997,5321.444,3.2,137.016,11.47,,,,0.9,74.48,0.6579999999999999
Netherlands,7044.8730000000005,373.332,,9.893,0.101,58.33,17134873.0,508.54400000000004,43.2,11.880999999999998,48472.545,,109.361,5.29,24.4,27.3,,3.32,82.28,0.9309999999999999
Norway,2566.571,50.542,236.68099999999998,115.022,0.009000000000000001,28.7,5421242.0,14.462,39.7,10.812999999999999,64800.057,0.2,114.316,5.31,19.6,20.7,,3.6,82.4,0.953
Nepal,2670.7459999999996,17.092,35.486,7.792000000000002,0.128,76.85,29136808.0,204.43,25.0,3.2119999999999997,2442.804,15.0,260.797,7.26,9.5,37.8,47.782,0.3,70.78,0.574
New Zealand,306.91200000000003,5.184,198.81599999999997,3684.333,0.0,31.94,4822233.0,18.206,37.9,9.72,36085.843,,128.797,8.08,14.8,17.2,,2.61,82.29,0.917
Oman,19305.326,183.09599999999998,,,,86.11,5106622.0,14.98,30.7,1.53,37960.709,,266.342,12.61,0.5,15.6,97.4,1.6,77.86,0.821
Pakistan,1416.102,29.354,16.064,52.727,0.019,37.5,220892331.0,255.57299999999998,23.5,2.78,5034.708,4.0,423.031,8.35,2.8,36.7,59.607,0.6,67.27,0.562
Panama,26095.262000000002,549.74,112.288,7.412000000000001,0.135,87.04,4314768.0,55.133,29.7,5.03,22267.037,2.2,128.346,8.33,2.4,9.9,,2.3,78.51,0.789
Peru,24712.872000000003,984.567,,,,82.41,32971846.0,25.129,29.1,4.455,12236.706,3.5,85.755,5.95,4.8,,,1.6,76.74,0.75
Philippines,2822.595,49.717,32.755,16.098,0.062,58.33,109581085.0,351.87300000000005,25.2,2.661,7599.188,,370.43699999999995,7.07,7.8,40.8,78.46300000000001,1.0,71.23,0.6990000000000001
Papua New Guinea,59.685,0.782,,,,25.0,8947027.0,18.22,22.6,2.142,3823.1940000000004,,561.494,17.65,23.5,48.8,,,64.5,0.544
Poland,2418.024,66.4,85.255,15.738,0.064,19.44,37846605.0,124.027,41.8,10.202,27216.445,,227.331,5.91,23.3,33.1,,6.62,78.73,0.865
Puerto Rico,17042.197,231.051,,,,70.37,2860840.0,376.23199999999997,38.2,9.829,35044.67,,108.094,12.9,,,,,80.1,
Portugal,7408.47,193.298,259.827,28.944000000000006,0.035,58.8,10196707.0,112.37100000000001,46.2,14.924000000000001,27936.896,0.5,127.84200000000001,9.85,16.3,30.0,,3.39,82.05,0.847
Paraguay,5714.382,120.154,39.384,3.73,0.268,81.48,7132530.0,17.144000000000002,26.5,3.833,8827.01,1.7,199.128,8.27,5.0,21.6,79.602,1.3,74.25,0.7020000000000001
Palestine,9907.249,72.137,,,,82.41,5101416.0,778.202,20.4,1.726,4449.898,1.0,265.91,10.59,,,,,74.05,0.6859999999999999
French Polynesia,5930.852,24.92,,,,,280904.0,77.324,32.7,4.593,,,,22.63,,,,,77.66,
Qatar,43650.600999999995,74.278,271.125,22.714,0.044,64.81,2881060.0,227.322,31.9,0.617,116935.6,,176.69,16.52,0.8,26.9,,1.2,80.23,0.856
Romania,6631.36,250.81,127.12,12.787,0.078,43.52,19237682.0,85.12899999999999,43.0,11.69,23313.199,5.7,370.94599999999997,9.74,22.9,37.1,,6.892,76.05,0.8109999999999999
Russia,8060.371999999999,141.995,320.856,45.505,0.022,40.74,145934460.0,8.823,39.6,9.392999999999999,24765.953999999998,0.1,431.29699999999997,6.18,23.4,58.3,,8.05,72.58,0.816
Rwanda,373.681,2.239,38.478,244.885,0.004,75.93,12952209.0,494.869,20.3,1.642,1854.211,56.0,191.375,4.28,4.7,21.0,4.617,,69.02,0.524
Saudi Arabia,9611.256,136.957,189.36900000000003,97.689,0.01,57.41,34813867.0,15.322000000000001,31.9,1.845,49045.41099999999,,259.538,17.72,1.8,25.4,,2.7,75.13,0.853
Sudan,311.066,19.065,,,,51.85,43849269.0,23.258000000000003,19.7,2.0340000000000003,4466.5070000000005,,431.38800000000003,15.67,,,23.436999999999998,0.8,65.31,0.502
Senegal,894.7719999999999,18.574,11.151,43.16,0.023,40.74,16743930.0,82.32799999999999,18.7,1.796,2470.58,38.0,241.21900000000002,2.42,0.4,16.6,20.859,,67.94,0.505
Singapore,9869.849,4.615,,1850.854,0.001,54.63,5850343.0,7915.731,42.4,7.0489999999999995,85535.383,,92.243,10.99,5.2,28.3,,2.4,83.62,0.932
Sierra Leone,279.68,9.026,,,,29.63,7976985.0,104.7,19.1,1.285,1390.3,52.2,325.721,2.42,8.8,41.3,19.275,,54.7,0.419
El Salvador,4482.901,129.968,61.8,15.209,0.066,52.78,6486201.0,307.811,27.6,5.417000000000001,7292.4580000000005,2.2,167.295,8.87,2.5,18.8,90.65,1.3,73.32,0.674
San Marino,21568.743,1237.5510000000002,,,,25.93,33938.0,556.6669999999999,,,56861.47,,,5.64,,,,3.8,84.97,
Somalia,225.757,6.229,,,,37.96,15893219.0,23.5,16.8,1.496,,,365.769,6.05,,,9.831,0.9,57.4,
Serbia,4930.638,110.073,167.58900000000003,87.805,0.011,50.93,6804596.0,80.291,41.2,,14048.881000000001,,439.415,10.08,37.7,40.2,97.719,5.609,76.0,0.787
South Sudan,241.56400000000002,4.377,,,,35.19,11193729.0,,19.2,2.032,1569.888,,280.775,10.43,,,,,57.85,0.38799999999999996
Sao Tome and Principe,4156.7609999999995,68.443,,,,,219161.0,212.84099999999998,18.7,2.162,3052.7140000000004,32.3,270.113,2.42,,,41.34,2.9,70.39,0.589
Suriname,8313.530999999999,177.283,,,,63.89,586634.0,3.612,29.6,4.229,13767.118999999999,,258.314,12.54,7.4,42.9,67.779,3.1,71.68,0.72
Slovakia,1857.4470000000001,8.792,86.97399999999999,14.275,0.07,34.72,5459643.0,113.12799999999999,41.2,9.167,30155.152000000002,0.7,287.959,7.29,23.1,37.7,,5.82,77.54,0.855
Slovenia,2736.982,66.38,110.78299999999999,17.627,0.057,46.3,2078932.0,102.619,44.5,12.93,31400.84,,153.493,7.25,20.1,25.0,,4.5,81.32,0.8959999999999999
Sweden,9291.464,582.616,,38.773,0.026,37.04,10099270.0,24.718000000000004,41.0,13.433,46949.282999999996,0.5,133.982,4.79,18.8,18.9,,2.22,82.8,0.9329999999999999
Swaziland,4725.194,93.95200000000001,,,,64.81,1160164.0,79.492,21.5,1.845,7738.975,,333.436,3.94,1.7,16.5,24.096999999999998,2.1,60.19,0.588
Sint Maarten (Dutch part),15554.312,513.036,,,,,42882.0,1209.088,,,36327.232,,,,,,,,78.95,
Seychelles,1464.308,,,,,36.11,98340.0,208.354,36.2,5.586,26382.287,1.1,242.648,10.55,7.1,35.7,,3.6,73.4,0.797
Syria,239.99099999999999,11.427999999999999,,,,53.7,17500657.0,,21.7,2.577,,,376.264,,,,70.598,1.5,72.7,0.536
Turks and Caicos Islands,17795.341,154.967,,,,,38718.0,37.312,,,,,,,,,,,80.22,
Chad,73.056,5.175,,,,65.74,16425859.0,11.833,16.7,1.446,1768.1529999999998,38.4,280.995,6.1,,,5.818,,54.24,0.40399999999999997
Togo,215.49200000000002,5.797999999999999,11.171,75.313,0.013,47.22,8278737.0,143.366,19.4,1.525,1429.8129999999999,49.2,280.033,6.15,0.9,14.2,10.475,0.7,61.04,0.503
Thailand,51.132,0.845,15.152999999999999,602.66,0.002,43.52,69799978.0,135.132,40.1,6.89,16277.671,0.1,109.861,7.04,1.9,38.8,90.67,2.1,77.15,0.755
Tajikistan,1024.257,7.968,,,,36.11,9537642.0,64.281,23.3,2.155,2896.913,4.8,427.69800000000004,7.11,,,72.704,4.8,71.1,0.65
Timor,21.237,,,,,29.63,1318442.0,87.176,18.0,1.8969999999999998,6570.102,30.3,335.346,6.86,6.3,78.1,28.178,5.9,69.5,0.625
Trinidad and Tobago,3237.6059999999998,54.305,,,,80.56,1399491.0,266.88599999999997,36.2,5.819,28763.071,,228.467,10.97,,,89.443,3.0,73.51,0.784
Tunisia,1557.9660000000001,22.421999999999997,,,,24.07,11818618.0,74.22800000000001,32.7,5.075,10849.296999999999,2.0,318.991,8.52,1.1,65.8,78.687,2.3,76.7,0.735
Turkey,3778.3559999999998,97.167,124.42399999999999,72.883,0.014,69.91,84339067.0,104.914,31.6,5.061,25129.341,0.2,171.285,12.13,14.1,41.1,,2.81,77.69,0.7909999999999999
Taiwan,21.581,0.294,3.949,299.6,0.003,19.44,23816775.0,,42.2,8.353,,,103.95700000000001,,,,,,80.46,
Tanzania,8.521,0.35200000000000004,,,,8.33,59734213.0,64.699,17.7,1.874,2683.304,49.1,217.28799999999998,5.75,3.3,26.7,47.953,0.7,65.46,0.5379999999999999
Uganda,177.718,1.64,10.639000000000001,16.845,0.059,73.15,45741000.0,213.75900000000001,16.4,1.308,1697.707,41.6,213.333,2.5,3.4,16.7,21.221999999999998,0.5,63.37,0.516
Ukraine,4777.979,94.412,52.783,7.4,0.135,58.8,43733759.0,77.39,41.4,11.133,7894.393,0.1,539.849,7.11,13.5,47.4,,8.8,72.06,0.7509999999999999
Uruguay,588.993,13.818,68.778,145.95,0.006999999999999999,43.52,3473727.0,19.750999999999998,35.6,10.360999999999999,20551.409,0.1,160.708,6.93,14.0,19.9,,2.8,77.91,0.804
United States,21851.918999999998,625.155,358.392,22.863000000000003,0.044,62.5,331002647.0,35.608000000000004,38.3,9.732000000000001,54225.445999999996,1.2,151.089,10.79,19.1,24.6,,2.77,78.86,0.924
Uzbekistan,1702.969,14.073,,,,62.96,33469199.0,76.134,28.2,2.873,6253.104,,724.4169999999999,7.57,1.3,24.7,,4.0,71.72,0.71
Vatican,14833.127,,,,,,809.0,,,,,,,,,,,,75.12,
Saint Vincent and the Grenadines,576.852,,,,,,110947.0,281.78700000000003,31.8,4.832,10727.146,,252.675,11.62,,,,2.6,72.53,0.723
Venezuela,2641.797,22.085,,,,87.96,28435943.0,36.253,29.0,3.915,16745.022,,204.85,6.47,,,,0.8,72.06,0.7609999999999999
British Virgin Islands,2348.117,33.071999999999996,,,,,30237.0,207.97299999999998,,,,,,13.67,,,,,79.07,
United States Virgin Islands,12621.74,191.52900000000002,,,,,104423.0,306.48,42.2,10.799000000000001,,,273.67,12.26,,,,,80.58,
Vietnam,11.239,0.36,,855.12,0.001,51.85,97338583.0,308.127,32.6,4.718,6171.884,2.0,245.465,6.0,1.0,45.9,85.84700000000001,2.6,75.4,0.6940000000000001
Kosovo,8081.648,323.369,,,,58.33,1932774.0,168.155,,,9795.834,0.6,,,,,,,,
Yemen,68.229,19.714000000000002,,,,45.37,29825968.0,53.508,20.3,1.5830000000000002,1479.1470000000002,18.8,495.00300000000004,5.35,7.6,29.2,49.542,0.7,66.12,0.452
South Africa,11369.986,282.151,70.969,11.681,0.086,39.81,59308690.0,46.754,27.3,3.053,12294.876,18.9,200.38,5.52,8.1,33.2,43.993,2.32,64.13,0.6990000000000001
Zambia,802.82,18.059,8.549,34.313,0.029,44.44,18383956.0,22.995,17.7,1.5419999999999998,3689.2509999999997,57.5,234.49900000000002,3.94,3.1,24.7,13.937999999999999,2.0,63.89,0.588
Zimbabwe,527.352,15.34,8.109,34.751999999999995,0.029,76.85,14862927.0,42.729,19.6,1.882,1899.775,21.4,307.846,1.82,1.6,30.7,36.791,1.7,61.49,0.535
